index,a1,a2,a3,b1,b2,b3,c1,o1,o2
0,1.5143575054634186,65.55021465361459,0.6640258239818104,Grad,heavy,S,M,28.583623943465827,high
1,1.5494708681403226,66.63920434702653,0.6929796514526891,HS,light,NS,M,27.756389437942918,low
2,1.5576832500204147,66.08768494665014,0.6888391923159699,HS,light,NS,F,27.237186151012544,low
3,1.4991966021998226,63.799741812536624,0.6729101256836317,Uni,moderate,NS,M,28.385839490649555,med
4,1.6411104111879466,65.9591268190413,0.7327960160263346,Grad plus,turbo,S,M,24.49059274293114,high
5,1.674478649842375,65.97760098165791,0.7304185958189905,HS,light,NS,F,23.530832426478476,low
6,1.5624099420373123,66.35709570279533,0.6827306838304041,Grad,heavy,S,M,27.182999807907617,high
7,1.5080749017080555,65.18212518012739,0.6707153974163534,Uni,moderate,NS,F,28.66042931358372,med
8,1.5787498268107916,66.33048338740036,0.6942039370042259,Uni,moderate,NS,F,26.612552451694366,med
9,1.483933490916162,65.60037749443745,0.6681490463981267,Grad,heavy,S,F,29.790477570262297,med
10,1.4897850342766588,64.55391935903575,0.6700959472618776,Grad plus,turbo,S,M,29.085424113916492,high
11,1.5819587902797274,65.30078264965985,0.6852137833843791,some HS,inactive,NS,F,26.0932427384995,low
12,1.5512167639775494,65.33543386752343,0.6975540422744316,Grad plus,turbo,S,M,27.152123504036783,high
13,1.681779839546502,65.17369882793713,0.7417270095674613,HS,light,NS,M,23.042738182699697,med
14,1.4070922374280705,64.4472745519777,0.6372202103557119,Grad,heavy,S,F,32.55063173283993,med
15,1.502224643267733,65.33573999457171,0.6825955743589591,Uni,moderate,S,M,28.95216532895947,med
16,1.6020915412515357,67.33083868476218,0.7061077659873228,Grad,heavy,S,M,26.2324811394576,high
17,1.5924359654745444,65.6446592764795,0.7028238322820326,Uni,moderate,NS,M,25.88662564037762,med
18,1.663448516322449,67.47371973338633,0.731958328411613,Grad plus,turbo,S,F,24.384616223263446,high
19,1.636302426170906,66.53543343812187,0.7414663217764553,Uni,moderate,NS,M,24.849968453719004,med
20,1.5154505202976276,66.54956473068133,0.6947743292984133,Grad,heavy,S,M,28.97755221102359,high
21,1.7609838054557514,66.21406366067191,0.781977140400506,Grad plus,turbo,S,M,21.352047055154163,high
22,1.5822133068442965,65.35147090156926,0.681512315990275,some HS,inactive,NS,F,26.105096410824913,low
23,1.392647271549508,63.20409196380906,0.6265338852229153,Grad,heavy,S,M,32.58839194933498,high
24,1.583439629528667,66.64448485215728,0.7139882503728681,HS,light,NS,F,26.58038059863074,low
25,1.635255732370582,66.39132393850201,0.7306406095412314,Grad,heavy,S,M,24.82789892811918,high
26,1.5020671109778376,64.1269962778158,0.6730300968207305,Grad,heavy,S,M,28.42249665130446,high
27,1.5569108165762262,65.62490199026924,0.7134502848487054,some HS,inactive,NS,M,27.07330001807375,low
28,1.4463408967752887,63.639381053649515,0.6594869167656233,Grad plus,turbo,S,M,30.42177949419136,high
29,1.454702984572856,65.28197652257326,0.6628994704581721,some HS,inactive,NS,F,30.84925178912285,low
30,1.592464313614571,66.06673271227938,0.7086143714187572,some HS,inactive,NS,M,26.052140521342867,low
31,1.5980551850827014,65.97735804586762,0.7219840404158911,Grad,heavy,S,F,25.835173103710733,med
32,1.7254772498880284,65.57234559662814,0.760845887384173,Uni,moderate,NS,F,22.024306588570127,med
33,1.6619580608291642,66.35289723387955,0.7322409782631089,Grad plus,turbo,S,F,24.022586737319813,high
34,1.4853613356761668,63.89918289027882,0.6599436923879028,some HS,inactive,NS,F,28.96216842575465,low
35,1.5456181459606486,66.62828094716163,0.6846008006433979,some HS,inactive,NS,F,27.890364664338115,low
36,1.5284735437684023,65.62338644896164,0.6836080966326165,some HS,inactive,NS,M,28.089420927776388,low
37,1.6790795374780387,68.21584186762962,0.745259048667632,HS,light,NS,F,24.195951493455915,low
38,1.64364540796888,66.09450805965186,0.7227040012947035,Uni,moderate,S,F,24.465219299403973,med
39,1.4541541223063288,65.9849446481719,0.6530078773065291,HS,light,NS,F,31.204985070586037,low
40,1.637082869871827,65.86415070001112,0.7202532532471303,some HS,inactive,NS,M,24.575805870904297,low
41,1.729019240885348,66.58314259676476,0.7718429718828734,HS,light,NS,M,22.27227789507164,med
42,1.6697809794134637,66.40595602824408,0.7367954679037099,some HS,inactive,NS,M,23.817052509808864,low
43,1.4384554714020379,65.0713161189975,0.644729299403657,some HS,inactive,NS,M,31.4482690101376,low
44,1.505699814409434,66.68314219592412,0.680308269837901,Uni,moderate,S,F,29.412995900595472,med
45,1.6361467421844544,66.17811153663746,0.712838969813584,HS,light,NS,F,24.721218095630707,low
46,1.7288362908729844,66.54818882684626,0.7743250969616452,some HS,inactive,NS,F,22.265297342254964,low
47,1.5322508536237847,65.53813621628508,0.6757761901202838,Uni,moderate,S,F,27.914788566462562,med
48,1.5943110193146823,65.88745170368664,0.6963580126288199,some HS,inactive,NS,F,25.921290264431622,low
49,1.4716772911593115,65.59601235229223,0.6586587462544113,Grad plus,turbo,S,M,30.286721354791084,high
50,1.5880845148642324,66.29977194697177,0.6952107553138058,HS,light,NS,F,26.28843984043467,low
51,1.7119047251152495,67.91015035314598,0.7446687519683982,HS,light,NS,F,23.172639787482918,low
52,1.6193526164380019,66.66496180175717,0.71197012499683,some HS,inactive,NS,F,25.422296521953022,low
53,1.6007270122316217,64.09232325379705,0.7209784912956838,some HS,inactive,NS,M,25.013327362990097,low
54,1.7984674914394214,69.37125665103444,0.7923499878287089,some HS,inactive,NS,M,21.44738647290633,low
55,1.5402352402319046,65.34257772954311,0.6859465374604733,Uni,moderate,S,M,27.543691896258274,med
56,1.6290608854454132,66.22741112442539,0.710710293584649,Uni,moderate,S,F,24.95532017152681,med
57,1.6518299171376398,67.48848089665081,0.7434160133074474,HS,light,NS,F,24.734264320595962,low
58,1.7154843542957532,66.63689396414826,0.7548302305152722,Grad,heavy,S,F,22.643378323588593,high
59,1.6176316277341563,67.11426897614623,0.7201335854040692,Grad,heavy,S,M,25.648124013531316,high
60,1.647158350942249,67.36074237262872,0.7136392161331683,Grad,heavy,S,M,24.827681185475956,high
61,1.6847985282370423,67.86637261429982,0.7554273844693699,some HS,inactive,NS,F,23.90885005339609,low
62,1.581165517117458,66.17468072605392,0.6890104249606354,Uni,moderate,S,F,26.468978776879293,med
63,1.5246318479630716,65.33438010641513,0.6971130347382681,HS,light,NS,M,28.1068256625829,low
64,1.475908820189,64.32716329808851,0.6456528656436126,HS,light,NS,F,29.53080895404247,low
65,1.623835246323894,65.88272638053331,0.7125604903622893,Grad plus,turbo,S,M,24.98547644666138,high
66,1.7243930220143542,67.96434154918363,0.7506631945819863,Grad plus,turbo,S,M,22.85644064948108,high
67,1.503725944085954,64.58460586225306,0.6766095506523064,some HS,inactive,NS,M,28.56219817018841,low
68,1.5014378669015154,64.29117257855,0.6674744531808066,some HS,inactive,NS,M,28.51915261311235,low
69,1.7524903929595406,66.70634524306723,0.7588409796949755,some HS,inactive,NS,F,21.719801662568653,low
70,1.5770687144999844,67.17373159769068,0.7067893417319153,Grad plus,turbo,S,M,27.008361745981585,high
71,1.608360628730808,66.14003626892037,0.7164838488491135,Grad plus,turbo,S,M,25.568047349798576,high
72,1.731579358405862,66.75450599155194,0.7662116647428208,Grad,heavy,S,F,22.26362027525778,high
73,1.727811131910977,66.9256323340629,0.7566463584761014,Grad plus,turbo,S,F,22.41815913854609,high
74,1.6191385111195864,66.83060160959818,0.7076638884369673,Grad plus,turbo,S,M,25.492202841758452,high
75,1.7527743133660314,67.22518960122972,0.7481361821913953,some HS,inactive,NS,F,21.881648410918324,low
76,1.5872833472307797,65.5234846154959,0.6774910825366637,Grad,heavy,S,M,26.006868743036623,high
77,1.5697716536210644,65.74412534251601,0.7000434834358799,Grad plus,turbo,S,M,26.67988706802021,high
78,1.7348092959342105,68.14907052028053,0.7666569404953848,some HS,inactive,NS,M,22.64417255251215,low
79,1.6809450315623238,66.82970258223898,0.7356393868570061,Uni,moderate,S,F,23.651707783608845,med
80,1.5552085413463843,65.25489956584512,0.6976482632338643,Grad,heavy,S,M,26.979621960944677,high
81,1.451339279440851,65.98680327906646,0.6614798573840267,Uni,moderate,NS,F,31.327027691204957,med
82,1.6734447112635564,66.98748276685993,0.744560082553191,some HS,inactive,NS,M,23.920536814031955,low
83,1.5123579207344893,64.4513386283264,0.688766062992195,Uni,moderate,NS,M,28.178817961577483,med
84,1.701309386844571,67.76185994061294,0.7436954306313909,Uni,moderate,S,M,23.410932980157632,med
85,1.6350414874358974,65.09350684561372,0.7318673046286638,Grad,heavy,S,M,24.348943141988432,high
86,1.5719535433372214,66.09560713233783,0.6973583457916218,Grad,heavy,S,M,26.748115032124094,high
87,1.6413833792415604,66.91675917685845,0.7225950417491919,HS,light,NS,M,24.837897859040435,med
88,1.8084553409450477,67.8540099081454,0.7746325429122071,Grad plus,turbo,S,M,20.7472213710243,high
89,1.5375773215383877,64.5462779069477,0.6818924088629159,Uni,moderate,S,M,27.30217675777984,med
90,1.6328583525902347,63.8309136488439,0.7234189616563932,Grad plus,turbo,S,F,23.940545205708275,high
91,1.5773564743526245,65.29950857302042,0.6837030066033745,Uni,moderate,NS,F,26.245219389067273,med
92,1.6332983329893906,66.15581636265881,0.715208825577147,some HS,inactive,NS,F,24.799161415176027,low
93,1.6355909699628721,66.28546372210832,0.7202373847092531,Uni,moderate,S,F,24.778150732330737,med
94,1.6430026764680281,65.74650239219969,0.7265024952547698,HS,light,NS,F,24.355447422394487,low
95,1.6008710806515327,66.32695079494785,0.6995446524462506,HS,light,NS,F,25.880777177931503,low
96,1.5675487569486681,66.38781475889635,0.6924116436129895,Uni,moderate,NS,M,27.017568269910686,med
97,1.708192863420369,66.37181882186704,0.7604483186152535,Grad,heavy,S,M,22.746255482845626,high
98,1.5939902558254124,66.16159280813844,0.6969639140520855,Uni,moderate,NS,M,26.0396191299064,med
99,1.671416422537939,66.06412963597629,0.7466011543412124,some HS,inactive,NS,F,23.648107323021108,low
100,1.5957263771262928,66.69059048350883,0.6964557834085543,Uni,moderate,S,M,26.190736718994657,med
101,1.5683452005183471,64.89706846856558,0.7015273193747034,Uni,moderate,NS,M,26.38406819526398,med
102,1.6906690571429273,66.70848165214528,0.7610664178259037,Uni,moderate,S,M,23.3380113859792,med
103,1.589629550764351,66.2268541817494,0.6900148194418991,Uni,moderate,S,M,26.208506370140167,med
104,1.6061578418065565,65.7571281756985,0.7270632864419115,some HS,inactive,NS,F,25.489797956429506,low
105,1.552359929240869,64.93219188002173,0.7031623569164294,some HS,inactive,NS,M,26.944815590738123,low
106,1.5664155687643664,64.6507892980911,0.6914598768279744,some HS,inactive,NS,F,26.34873984274914,low
107,1.6347224854978368,67.06090272539628,0.7404733810974685,Uni,moderate,NS,F,25.094660383988767,med
108,1.7445441416906151,67.11282553390049,0.760550187648251,Grad,heavy,S,F,22.05167575495003,high
109,1.49729554119669,64.26950271619775,0.6615857606113177,Grad plus,turbo,S,M,28.66750368328828,high
110,1.6545268276121068,66.98720587381158,0.7267463595683245,Uni,moderate,NS,F,24.470578483161315,med
111,1.4868744628005717,65.5330726797509,0.6633567235914484,Grad,heavy,S,F,29.64230192075001,med
112,1.5205450590476057,65.21809296686625,0.6694682190949826,some HS,inactive,NS,F,28.207818909633428,low
113,1.5090088600202267,64.35894531657577,0.6865766618000935,Grad plus,turbo,S,F,28.263460791419895,high
114,1.5202679480096553,65.42933128319405,0.6740595785751102,Grad plus,turbo,S,F,28.309500263574034,high
115,1.4287807008013802,65.47207152031667,0.6479609074473245,Grad plus,turbo,S,F,32.07191789022235,high
116,1.5340558656081833,65.58432303077859,0.6897730866868581,Grad,heavy,S,M,27.868762784145368,high
117,1.4707490606623475,64.47037485021355,0.6620206417878759,Uni,moderate,S,M,29.80458204156022,med
118,1.6341091879341882,66.65200060592,0.7313959280040343,Grad plus,turbo,S,F,24.960371554656884,high
119,1.5503202831683291,65.07104252815316,0.693641374600129,HS,light,NS,M,27.073531339059308,low
120,1.7376620907418752,67.73070448321175,0.7726445930795754,HS,light,NS,F,22.431325618634876,low
121,1.5675880890468206,65.41157188325344,0.6998532988598553,some HS,inactive,NS,F,26.618935001557837,low
122,1.621842172302737,65.72485035272783,0.7420906912814522,Grad,heavy,S,F,24.986902824639856,med
123,1.6537563473664765,65.93591861409627,0.7369005211281682,Grad,heavy,S,M,24.108989785047925,high
124,1.6525086546690746,65.43645287421799,0.7253217285681539,some HS,inactive,NS,M,23.96250762274814,low
125,1.575524714062911,66.82929789018061,0.7081431870158967,some HS,inactive,NS,M,26.922566503433195,low
126,1.6221603033198422,65.965677713623,0.7188792837995095,Uni,moderate,S,F,25.06862362014598,med
127,1.6216479888010245,66.83696827303224,0.7204647764854715,some HS,inactive,NS,M,25.415787252319134,low
128,1.625917326513329,67.23967380155474,0.7050524181388802,Uni,moderate,NS,M,25.434820651772508,med
129,1.6624771491440196,67.42259437860575,0.7226024713034058,Grad plus,turbo,S,M,24.39462186794067,high
130,1.606717726689806,65.76676194565022,0.7176477164545187,Grad plus,turbo,S,F,25.475768236187264,high
131,1.5326649465706328,64.89253101398266,0.6929448286326083,Grad,heavy,S,M,27.624871321779146,high
132,1.6059004194110238,65.57697920925432,0.70592467706112,Uni,moderate,NS,M,25.42811600509669,med
133,1.6823320729581963,67.36069670383026,0.7388950873572185,Grad,heavy,S,F,23.800337800070906,med
134,1.6453753319213826,64.25386421349289,0.735200515229925,Uni,moderate,S,F,23.733909790508452,med
135,1.7054416437390207,66.15555000692069,0.7572817066388884,Grad,heavy,S,F,22.745346517991145,high
136,1.5931353557209278,65.74626488909843,0.7101559090627889,Grad plus,turbo,S,M,25.903934514036024,high
137,1.5566386356814284,65.38982612319177,0.6754104078258693,HS,light,NS,F,26.985754911571455,low
138,1.632429146385432,65.51573657571548,0.726095026968141,some HS,inactive,NS,F,24.585381251109176,low
139,1.5246555339638046,63.620831407153034,0.6808224892819652,Grad,heavy,S,M,27.368807273122158,high
140,1.5591571577090282,64.84026262878605,0.7030526722350979,Grad plus,turbo,S,M,26.67257712943814,high
141,1.6586979934124313,65.92182351703214,0.7229291915294701,HS,light,NS,M,23.96042812013673,med
142,1.6586535927356045,67.62366625603381,0.7309190274758663,Grad plus,turbo,S,M,24.580308262139845,high
143,1.6650604681954841,67.00082502131666,0.7362699001880677,Grad,heavy,S,F,24.166854680649298,med
144,1.6302362238812984,65.78022796480414,0.7305168202837452,Grad plus,turbo,S,F,24.751088118423457,high
145,1.6361952495235148,65.58310996781975,0.7284367342179746,some HS,inactive,NS,F,24.497499211192117,low
146,1.4871095179539762,64.96863053311189,0.6680475741874572,Uni,moderate,NS,F,29.377700969790396,med
147,1.328737610670959,63.16321350682435,0.5910901879220744,some HS,inactive,NS,M,35.77550401300841,low
148,1.3544284266916935,63.79240404071447,0.615380371571751,some HS,inactive,NS,M,34.77417606805796,low
149,1.7348208730130013,68.24993138456497,0.7793184054702693,Grad plus,turbo,S,F,22.677383336033724,high
150,1.6028193235635826,65.17521851636032,0.7024866441227872,Grad plus,turbo,S,F,25.36958462784561,high
151,1.6540829291495043,65.58950215216049,0.7480074303262945,Grad plus,turbo,S,M,23.9728559260828,high
152,1.442708429053972,64.65151905178001,0.6810596816885774,Grad plus,turbo,S,M,31.061440681740187,high
153,1.613344511246279,66.51865731712911,0.7224915624432702,Grad,heavy,S,M,25.555785988355908,high
154,1.6796992161978053,67.34489953066436,0.7383679881139804,HS,light,NS,M,23.869409225327736,med
155,1.5689935457946045,66.3368322272081,0.6954899765964929,Grad plus,turbo,S,M,26.94712362173702,high
156,1.63186845291439,66.67906980588062,0.7212355264729211,Grad plus,turbo,S,M,25.039130238411754,high
157,1.6772919399004247,67.12761467622128,0.7369165229883502,Grad,heavy,S,M,23.86073926905572,high
158,1.5007727832951832,65.40981641161234,0.67013505844001,Uni,moderate,NS,M,29.04109850712965,med
159,1.6894049711607546,65.75636125860142,0.7684597910439683,some HS,inactive,NS,M,23.03935078795313,low
160,1.7075335448633129,67.01094720312041,0.7466583849754009,Uni,moderate,S,F,22.983029169845423,med
161,1.7399008651991064,67.88496010533416,0.7787234143544606,HS,light,NS,F,22.424592457749075,low
162,1.560059952524122,65.72765370405975,0.6864973276305678,HS,light,NS,F,27.00632890471944,low
163,1.467977546459568,65.09284942222835,0.6423103591624312,Grad plus,turbo,S,F,30.20608619708356,high
164,1.5523079071501114,65.6097837923647,0.6997369991641929,HS,light,NS,M,27.22781976997342,med
165,1.5336810983762243,65.18477280451152,0.6903999687232873,Uni,moderate,NS,M,27.712520395614767,med
166,1.5669924651544418,65.77767560604968,0.6919800366083307,Grad,heavy,S,M,26.788272392305934,high
167,1.7112175412481943,66.27868868893174,0.7619277991107302,Grad,heavy,S,F,22.63411199882316,high
168,1.5042320307146948,65.5676207658084,0.6526933646324728,Grad plus,turbo,S,M,28.977422997888873,high
169,1.713619485433853,66.99556524268922,0.7662012003876209,Uni,moderate,NS,M,22.814831831640298,med
170,1.6292061791527201,66.77220759228007,0.7176646430086516,Grad plus,turbo,S,F,25.156118842351386,high
171,1.6747684205799844,67.7904957559816,0.7693000604086255,HS,light,NS,F,24.169033488031165,low
172,1.6523852647728903,66.44167277257712,0.7492660947835923,Grad plus,turbo,S,F,24.33424806673729,high
173,1.566181201452107,66.1214693299803,0.7012387118546615,Grad plus,turbo,S,F,26.95618833050078,high
174,1.7910525256319243,66.02203140526386,0.7984364777656365,Uni,moderate,S,F,20.58127321498212,med
175,1.6173631713333447,66.19587828755937,0.7129731147327567,Grad,heavy,S,M,25.30555399730014,high
176,1.8020990544331847,68.76329384173235,0.7723403866845284,Uni,moderate,NS,F,21.17382669628625,med
177,1.5724849243341186,65.49101724277753,0.7090445248815063,Grad plus,turbo,S,F,26.485535318989996,high
178,1.6478538326438081,66.05563329633283,0.7509655284460358,HS,light,NS,M,24.32610000337655,med
179,1.6389238763146237,64.9442117243116,0.7400557643175141,Grad plus,turbo,S,M,24.178139856938575,high
180,1.7588528604716398,68.56606917098779,0.7716255500300355,HS,light,NS,F,22.16410677347684,low
181,1.5599877998375906,65.22213150963931,0.7023990816424707,some HS,inactive,NS,M,26.80109782882087,low
182,1.782941345073168,68.0845102569001,0.7825237103816118,Grad,heavy,S,M,21.41776779380073,high
183,1.7128604730214216,68.03603902340208,0.7482892022153468,HS,light,NS,M,23.18969553486949,med
184,1.6446107731866884,66.68799240107315,0.7298930892078057,Uni,moderate,NS,F,24.655929627295233,med
185,1.516020579243663,65.54809087681042,0.6679484116958665,HS,light,NS,F,28.52002184345014,low
186,1.644130229079861,65.92351960809694,0.7398171946707459,some HS,inactive,NS,M,24.387537893544664,low
187,1.5698922244701041,65.85087669331703,0.6807544684566217,Grad plus,turbo,S,F,26.719103628054842,high
188,1.4841108137951617,65.45261963481843,0.6791925816974588,Uni,moderate,S,F,29.716275367305638,med
189,1.599349093419195,65.10277247515988,0.7251459039733914,Uni,moderate,S,M,25.451474451160816,med
190,1.59058198571869,66.11284315142014,0.7034959868440644,Grad,heavy,S,M,26.13206412249446,high
191,1.5352662227418121,65.35629641529742,0.6944667119797255,Uni,moderate,S,M,27.72809564946414,med
192,1.583400722906475,65.10841303531264,0.6924490596520326,Grad plus,turbo,S,F,25.969012303501962,high
193,1.5369154003980623,66.74124686748075,0.6896708658642325,Grad,heavy,S,M,28.254940113805898,high
194,1.5545654340050805,64.34764647850547,0.6964251709605465,HS,light,NS,M,26.626534969101257,med
195,1.582253637541013,64.95990534441694,0.7052760481265116,Uni,moderate,NS,F,25.947360028735723,med
196,1.7017910487338015,66.2908497797546,0.7439532152978057,some HS,inactive,NS,F,22.889753527641556,low
197,1.6734924747549735,67.28190591976278,0.7262815687910492,Grad,heavy,S,M,24.024300851129503,high
198,1.629672442096437,66.31683518554331,0.7208390713092037,Uni,moderate,S,M,24.970264866269375,med
199,1.6803541060284741,66.46884160742897,0.7428650210686938,HS,light,NS,F,23.540543581719376,low
200,1.589400174727119,66.53015836506853,0.7209447920295842,HS,light,NS,F,26.336135280443926,low
201,1.6439799934205,66.35821158947202,0.7247410444295425,HS,light,NS,F,24.552833389990482,low
202,1.5720622744660262,64.54629412788617,0.703917905902459,some HS,inactive,NS,F,26.117513084680727,low
203,1.723015490083676,66.9853894460137,0.7492022450945824,Grad,heavy,S,F,22.563253513730466,high
204,1.5767554267886152,65.36980560051443,0.7107710404433005,HS,light,NS,F,26.29350754137388,low
205,1.645348142515548,66.67112297545273,0.7326762327547531,Uni,moderate,S,M,24.627603886501475,med
206,1.4973089016253747,63.841557091906544,0.6658252160738541,Uni,moderate,NS,F,28.476109735777214,med
207,1.6298651614695827,66.21561483147079,0.7143566253202409,HS,light,NS,F,24.926256653572164,low
208,1.5116515679321725,64.33187679400505,0.6680539111749009,Grad,heavy,S,M,28.152879651986233,high
209,1.4655984246709688,65.28327100612793,0.6571610017635954,HS,light,NS,M,30.392885049339466,low
210,1.5510304839755975,64.82098149201462,0.6825249574784689,HS,light,NS,F,26.944798215512648,low
211,1.5348060705585418,65.6039726318678,0.6921316078510691,Grad,heavy,S,M,27.849866789225842,high
212,1.5263955140607743,65.3104126643994,0.6853577059222176,Grad,heavy,S,M,28.031624431935878,high
213,1.5398500329477784,65.13911752466369,0.6876120694961962,HS,light,NS,M,27.47166724122385,low
214,1.719397289038936,68.58410153801859,0.7537867820145885,some HS,inactive,NS,F,23.19909153039892,low
215,1.6383768231181866,66.37444432604879,0.7064637349604539,Grad plus,turbo,S,M,24.72710692800036,high
216,1.5457834838932896,65.97512264382564,0.6991625571677361,Grad plus,turbo,S,M,27.61104735361065,high
217,1.601676467391305,66.05321240628456,0.6882478819721263,Grad plus,turbo,S,M,25.74805061916979,high
218,1.6407796830100498,64.89566581045892,0.7161585443430944,some HS,inactive,NS,F,24.10544499153798,low
219,1.3867967139259958,63.752904433602886,0.6300966206747547,Grad,heavy,S,M,33.149300394332094,high
220,1.6353471191586615,69.4202776745508,0.7141064454452881,Uni,moderate,S,M,25.957714174366966,med
221,1.7398417234609775,69.22403812519316,0.7758967005402031,Grad plus,turbo,S,M,22.868487768939346,high
222,1.7640656052621966,66.24490622588598,0.7716328974252091,HS,light,NS,M,21.287419801530472,med
223,1.6043031159118686,66.52327772226411,0.7210000014317515,Uni,moderate,NS,M,25.846443108880678,med
224,1.645746059352835,67.67087133726268,0.7183581351349626,some HS,inactive,NS,F,24.98481400703467,low
225,1.5104705091568198,64.1274090246203,0.6971824746582651,Grad,heavy,S,M,28.107304098733486,high
226,1.5377632364152318,64.34586224146969,0.6971410566607297,HS,light,NS,M,27.210822976371997,med
227,1.554149235607582,64.69154132320277,0.6949600295420731,Grad,heavy,S,F,26.783175083572235,med
228,1.4460558285685128,63.88641703216034,0.6563109096298586,HS,light,NS,F,30.55191320000993,low
229,1.6653978114241492,66.98362692980855,0.7320556978860122,HS,light,NS,M,24.15086443808978,med
230,1.6682478590848842,66.77571543148645,0.7436265924288868,Grad,heavy,S,F,23.993709553575513,high
231,1.6205370329530706,65.50171458399524,0.7035137441995918,some HS,inactive,NS,M,24.942199471692984,low
232,1.6558050647382465,65.96933439150982,0.7380468820757882,Grad,heavy,S,F,24.061554905264966,med
233,1.6567549852493983,65.95884379257139,0.7343504727551597,Grad,heavy,S,F,24.03014890959107,med
234,1.6025431778873547,65.49791416056678,0.7124825367423248,Grad plus,turbo,S,F,25.503981830731135,high
235,1.4750584489680454,64.46527135625807,0.6623313974202896,HS,light,NS,F,29.62834247823646,low
236,1.5547514030124407,65.83205290560583,0.6836578616372802,Grad plus,turbo,S,M,27.23425399733587,high
237,1.5224641602217652,65.57629047086789,0.6836200809694394,Uni,moderate,S,F,28.291286066501183,med
238,1.4618982831389697,64.62589178445782,0.6622478445222071,HS,light,NS,M,30.239335045828206,low
239,1.5784226701177835,66.53066315279658,0.7053351878793177,some HS,inactive,NS,F,26.70393318196224,low
240,1.5746853631199231,65.48791152142452,0.6946613566988041,some HS,inactive,NS,M,26.410313663605862,low
241,1.468440697706123,64.60612438678406,0.6603803989420656,HS,light,NS,F,29.961314569369264,low
242,1.458611630817989,63.76946186086433,0.662674550765125,Uni,moderate,NS,M,29.973220426134365,med
243,1.5535349964543845,65.0088337379428,0.7014860770028009,Grad plus,turbo,S,M,26.93582567860289,high
244,1.5422376531068882,64.01018369857154,0.6769025643789645,5,5,2,F,26.912030695374845,3
245,1.5221609651828414,65.54935711832783,0.679105810884837,Uni,moderate,S,M,28.290933349812068,med
246,1.7393099034802606,69.38870264137338,0.7594352401141656,Grad,heavy,S,M,22.93690564147537,high
247,1.5476746106958754,66.51813117984503,0.6824686613117088,HS,light,NS,F,27.770309692067595,low
248,1.7265751930722217,66.22797528338666,0.749547371404967,Grad plus,turbo,S,F,22.216236215239654,high
249,1.5918815194531892,65.88032124094113,0.7116602325632118,HS,light,NS,M,25.997658000303716,med
250,1.6656322598518993,67.6147064704049,0.7508490403745464,some HS,inactive,NS,F,24.37153704225543,low
251,1.5256640599089535,65.23235517132588,0.6626805435049017,some HS,inactive,NS,M,28.024974582610778,low
252,1.5769748508669859,66.43067523152307,0.6978276301566233,some HS,inactive,NS,M,26.712782746238215,low
253,1.5515459284229782,66.22847119281022,0.6986452361217426,some HS,inactive,NS,M,27.51157526407556,low
254,1.6748485484632076,65.99882853772016,0.737865180034741,Grad plus,turbo,S,F,23.528007210547162,high
255,1.488005736354007,65.45409536941176,0.6586943314926014,Grad,heavy,S,F,29.56157806864632,med
256,1.5916618975334762,66.10877941706181,0.6929513609221015,Grad plus,turbo,S,F,26.095011880487473,high
257,1.5804855249632666,65.9272628470664,0.7123932989585007,Uni,moderate,NS,F,26.39271085334747,med
258,1.5229830976980225,65.39499038243669,0.6838474793022902,HS,light,NS,F,28.193845353055334,low
259,1.6198064129550467,66.20953302498435,0.715057907415459,Grad plus,turbo,S,M,25.234476336939025,high
260,1.4406150824489554,65.87741263920738,0.6468748784183126,Uni,moderate,NS,M,31.74246279068166,med
261,1.782439527675061,68.17108894871657,0.7828873412980647,HS,light,NS,F,21.457080087868928,low
262,1.5441685451855829,64.68242491863334,0.6834427899263144,some HS,inactive,NS,F,27.12669534074224,low
263,1.7267372395636447,65.56160502709137,0.7627713752084918,Grad,heavy,S,F,21.98857405211199,high
264,1.500287769664891,65.15894934084085,0.6583537691957662,Uni,moderate,NS,M,28.94842467030327,med
265,1.7118462508530745,68.7912987906884,0.7484008012620806,HS,light,NS,M,23.474913304573942,med
266,1.6096141869859277,64.77738548010167,0.7335146080606606,Grad,heavy,S,M,25.00229256363336,high
267,1.6335421497253855,67.54114770018549,0.7273469188890296,Grad,heavy,S,M,25.3109092289045,high
268,1.6127552447344848,67.35701452740628,0.7188443808492656,some HS,inactive,NS,M,25.896788137084027,low
269,1.4921385021550346,64.61687240532633,0.6799438250531021,HS,light,NS,F,29.02202152535936,low
270,1.704469141339625,67.51098654180514,0.7447167990065201,Grad plus,turbo,S,F,23.237862014375963,high
271,1.6540784254319287,66.91340946950588,0.7245205598984635,Grad,heavy,S,F,24.456875070177038,med
272,1.5466943654480003,65.27784907579218,0.6813203598573508,HS,light,NS,M,27.28706522684964,low
273,1.7747932425557709,67.65233952375448,0.7887811215821467,Uni,moderate,NS,F,21.477676010944823,med
274,1.545858464993581,65.26738102826289,0.6784812494873456,Grad plus,turbo,S,F,27.31220284612715,high
275,1.5648927344183046,66.66736384358636,0.696266754699466,HS,light,NS,M,27.223510941833414,low
276,1.5718220810768753,64.46440345528983,0.6936697406784601,HS,light,NS,F,26.09235010113204,low
277,1.563989956656756,65.35028479934574,0.6945149800057743,some HS,inactive,NS,F,26.716500133656172,low
278,1.4664355569739318,63.248298393365005,0.6663326766289198,Uni,moderate,NS,F,29.411886468172025,med
279,1.7408920802057586,67.15849343184536,0.7477239204596025,Uni,moderate,NS,F,22.159361675286338,med
280,1.624395228426247,66.28000008581336,0.7178047714197722,Grad plus,turbo,S,F,25.118811688250744,high
281,1.6513945992683676,65.84366913414512,0.7389288882520358,Uni,moderate,S,F,24.14417131750736,med
282,1.683698815259762,66.59982011145911,0.756681471217914,HS,light,NS,F,23.493311848610464,low
283,1.537829564885649,66.04664351098917,0.6888801356229112,Grad,heavy,S,F,27.92764656587756,med
284,1.4738639103826394,63.76159129479296,0.6790690294111812,Uni,moderate,S,F,29.35245141268026,med
285,1.6753623823225225,66.36426178783844,0.7359463860639054,Grad,heavy,S,M,23.64377120929937,high
286,1.6410810581273478,66.31589151951691,0.7202253043531157,Grad,heavy,S,F,24.6239401528039,med
287,1.5493159741131928,64.49808865441351,0.6837898229178434,Grad,heavy,S,M,26.869949335715166,high
288,1.6504262957804543,67.91275162095701,0.7387202542781248,Grad,heavy,S,F,24.932111365403653,med
289,1.5322373225811876,65.96971891322113,0.6636662221094731,some HS,inactive,NS,F,28.099109716591737,low
290,1.5687102425220802,66.0608114154564,0.6957230504399051,some HS,inactive,NS,M,26.844692859809204,low
291,1.621988503948364,66.46618606202402,0.715740138718894,HS,light,NS,F,25.264180496215968,low
292,1.6199012529520465,66.28630785713256,0.7554718518989942,Grad,heavy,S,M,25.26077943742806,high
293,1.5720579006250912,64.29179096447588,0.6936347090701809,Uni,moderate,NS,F,26.014677651138662,med
294,1.6685039432800934,67.87770521572097,0.7318737275446925,Grad,heavy,S,F,24.38218805947604,med
295,1.5905181801407633,66.26667893601201,0.6945910520700326,Grad plus,turbo,S,M,26.194971516860193,high
296,1.5067837207211527,65.34626713041251,0.680914805448291,Uni,moderate,NS,F,28.781865867521518,med
297,1.5896851582162193,67.66948941586108,0.6984967692345883,Grad plus,turbo,S,M,26.777539001553624,high
298,1.6064014819403882,66.06881718950717,0.7050038642876559,Grad,heavy,S,M,25.602851638808215,high
299,1.4392489490287668,65.5218008649737,0.6447962471733963,Uni,moderate,NS,M,31.63107730054814,med
300,1.5073502259165328,65.03588543873005,0.663259500765911,Uni,moderate,S,F,28.623630476415048,med
301,1.6071156997976492,66.64229853572131,0.7194980881596323,Grad plus,turbo,S,M,25.802137207558193,high
302,1.6608372488980547,66.51086995711812,0.7274103482341217,some HS,inactive,NS,M,24.112290946140988,low
303,1.5571566835913828,67.37476369714007,0.7085823625563845,Grad,heavy,S,F,27.78642196685495,med
304,1.673177665239027,65.51724565201616,0.7274655498124131,some HS,inactive,NS,F,23.402998997785627,low
305,1.6864193497389983,65.99947452976568,0.7510575336499141,some HS,inactive,NS,F,23.20648287125559,low
306,1.3653942121672273,63.85010410930433,0.6212820689518556,Grad plus,turbo,S,M,34.24881066093898,high
307,1.6174517845183334,67.10258108683709,0.7151983658833331,Grad,heavy,S,F,25.6493603298999,med
308,1.4382466705455679,64.54826788742636,0.6331646519014258,some HS,inactive,NS,M,31.204543824961824,low
309,1.615139383682789,65.97097055916468,0.7297651567439105,HS,light,NS,M,25.289070035541865,med
310,1.5816685663167094,65.03282947679784,0.6923809450656686,some HS,inactive,NS,M,25.995709947619453,low
311,1.5591751157591176,67.00993104946977,0.6855026291475361,Grad plus,turbo,S,F,27.564453172556608,high
312,1.6290567106821245,67.25822427408613,0.7259383810605635,Uni,moderate,S,F,25.343873407253625,med
313,1.459153603876118,64.78250104549454,0.6526686490248422,Grad plus,turbo,S,M,30.426758431292168,high
314,1.4885508598260493,65.70037004785476,0.6519627727475269,Uni,moderate,NS,M,29.651076125359317,med
315,1.4925528610624776,65.6444529714332,0.6733721249834291,Grad plus,turbo,S,M,29.467181021623887,high
316,1.7646274251917429,68.90442077285508,0.7920821541662212,Grad,heavy,S,M,22.127942646072345,high
317,1.7766155498294331,68.4890203457189,0.7795696551401758,HS,light,NS,M,21.69871603086839,med
318,1.7745733627049347,66.95253379824334,0.777294419045841,Uni,moderate,NS,F,21.260775465004794,med
319,1.4327504137830105,64.33487450685475,0.6308596387855132,some HS,inactive,NS,F,31.34046046887151,low
320,1.6185989789645896,65.92977236061168,0.7165512792420318,Grad,heavy,S,F,25.16535446703794,med
321,1.6820927321248638,65.55815491120075,0.7604808261918576,Grad plus,turbo,S,M,23.17004372968515,high
322,1.6238023001240558,65.46455841010521,0.7205892309890749,Uni,moderate,S,M,24.827897181661996,med
323,1.7251484288789722,67.48057789364448,0.7620699595910447,Uni,moderate,NS,M,22.673880802038493,med
324,1.61631875667285,66.66979785703086,0.7190318770636447,some HS,inactive,NS,M,25.519673448881644,low
325,1.5718057747721534,65.11789269339357,0.6867637574301628,Grad plus,turbo,S,F,26.35740061877703,high
326,1.6571928824670978,65.62878680386174,0.7206207994360828,Grad plus,turbo,S,F,23.897268180439646,high
327,1.7876028877857904,68.02839060001479,0.7868333045652404,Uni,moderate,NS,F,21.288648998669693,med
328,1.680089613028883,67.6798715871729,0.7556881378109043,HS,light,NS,M,23.976988353450377,med
329,1.4984276337042952,64.15691033853322,0.6655655147345565,Grad,heavy,S,M,28.574056152154597,high
330,1.747560564360341,67.19154139499258,0.7761853321735163,Grad plus,turbo,S,F,22.00139065659228,high
331,1.5795065314965198,66.16617052480557,0.7017435502059636,HS,light,NS,F,26.52119859611115,low
332,1.7042317540741252,65.83384816557185,0.7498323578264959,some HS,inactive,NS,F,22.666889916948115,low
333,1.6389187830669443,65.92986282010207,0.7129654618646334,some HS,inactive,NS,M,24.545241360163036,low
334,1.7085886337919394,67.26394716590222,0.759649948580561,Grad plus,turbo,S,F,23.0413182766045,high
335,1.694033470573019,65.86306454867207,0.7434246992772293,Grad plus,turbo,S,F,22.95080698054864,high
336,1.6937265521891074,67.70460103772456,0.7592000080561424,Grad plus,turbo,S,M,23.60106448033476,high
337,1.5112411468943847,64.91713952279162,0.6881092817470164,some HS,inactive,NS,M,28.424434657305067,low
338,1.64183537450532,66.12125823084416,0.7255844478870245,Uni,moderate,NS,F,24.529115715865608,med
339,1.4364498316716483,64.32265048077053,0.6282546250290185,Uni,moderate,S,M,31.173316300165972,med
340,1.584804575877067,65.61973332702037,0.7125330955691799,Grad,heavy,S,M,26.12660793454299,high
341,1.5874284067997793,65.48270318187423,0.6923554044055221,HS,light,NS,M,25.985932368149108,med
342,1.505863707066423,64.50031606383865,0.6673572465706098,Grad plus,turbo,S,F,28.443989513555966,high
343,1.6257947036531248,66.79643523909793,0.7232744660430008,HS,light,NS,F,25.270967954490885,low
344,1.5513313878272297,66.16353948097274,0.6824411044601116,Grad,heavy,S,M,27.49220483213757,high
345,1.5609042546064835,66.06130072942044,0.6811327067519033,HS,light,NS,M,27.11406243811965,low
346,1.5552252175044914,65.6582489648991,0.6873559054753022,Grad,heavy,S,M,27.145804509382277,high
347,1.6727215577133379,66.30899954773571,0.7460985184727424,Uni,moderate,S,M,23.69873514510955,med
348,1.6434054701485228,66.64143343269409,0.7174701972052178,Grad,heavy,S,F,24.674870019149676,med
349,1.6316940586718796,66.14874584347196,0.7248913796602211,some HS,inactive,NS,M,24.84529456918706,low
350,1.719788697299003,66.6063745664894,0.7631314076565829,HS,light,NS,M,22.51985628151056,med
351,1.589489371176331,66.33514860316859,0.708845464678748,Grad plus,turbo,S,F,26.2559931291605,high
352,1.4496033677728954,64.02273035198634,0.651595920698194,Grad,heavy,S,M,30.46742935342589,high
353,1.475777905965091,64.57981957024678,0.6746578713519454,Grad,heavy,S,M,29.652056497498997,high
354,1.6754244876179878,66.75587987551093,0.7477220922980616,Grad,heavy,S,F,23.781530837624036,med
355,1.6146346015824835,66.30741543997057,0.7140613204037166,HS,light,NS,M,25.43393691675522,med
356,1.5064790610405399,65.61004718948203,0.6770615246348807,Uni,moderate,S,M,28.909737664367977,med
357,1.4869759332073371,65.39193890336787,0.6526865200607855,HS,light,NS,F,29.5744267693822,low
358,1.3876994864812469,62.84674160426609,0.6257782602991792,Uni,moderate,NS,M,32.635623233635776,med
359,1.5336063957235049,65.78755052685067,0.682992665312602,Grad plus,turbo,S,F,27.97150888845206,high
360,1.6753860442174944,65.52089439265913,0.7410852138049355,some HS,inactive,NS,M,23.342643113166936,low
361,1.6793122899585597,66.6243321645949,0.746115217998244,Grad,heavy,S,F,23.624897667922866,high
362,1.5569734349546773,65.34104269520603,0.700844002086785,Grad,heavy,S,F,26.954026755912928,med
363,1.7616375185177549,68.11065663080518,0.7666332448196037,some HS,inactive,NS,M,21.947343704814166,low
364,1.672761630371263,67.54354274976835,0.7387055005217604,some HS,inactive,NS,M,24.13880242034126,low
365,1.627983159603702,66.39407290492147,0.7206156000651102,Grad plus,turbo,S,M,25.05125540922717,high
366,1.6128743820074385,65.30722017479732,0.7210183279117202,some HS,inactive,NS,M,25.104993340157172,low
367,1.7628845078949622,66.95141044235234,0.7748333456807411,Uni,moderate,S,M,21.54328903105728,med
368,1.5587426559049093,63.2849760284974,0.7047010332900604,some HS,inactive,NS,M,26.046644307021403,low
369,1.6837607213978616,67.47067679778309,0.764866726935593,some HS,inactive,NS,M,23.798759395862746,low
370,1.535318185952658,66.71748864792539,0.6901836118299279,HS,light,NS,F,28.303679773420015,low
371,1.5412943667805177,65.39123040718191,0.6962396378007079,some HS,inactive,NS,M,27.526330937525874,low
372,1.8140810541334647,68.19890582936767,0.7992553660255398,Grad,heavy,S,M,20.723544195856135,high
373,1.526030148928834,65.69202858000506,0.6815568224170835,Grad plus,turbo,S,M,28.208919112795325,high
374,1.6330791260399171,66.84015847212332,0.716128943958678,HS,light,NS,M,25.06242068083126,med
375,1.4802811254602812,64.12907003144677,0.6580637134466157,Grad,heavy,S,F,29.26621365241667,med
376,1.5706557485650925,65.27174671664167,0.71289232251314,Grad,heavy,S,F,26.458378109800723,med
377,1.585398581173995,67.31345027962638,0.7168603694351601,HS,light,NS,M,26.780884799295993,med
378,1.6777520078642738,67.27143546367031,0.7524721002059513,Grad,heavy,S,M,23.89874858286926,high
379,1.661538870026335,65.8749752910704,0.7380024307325525,Uni,moderate,NS,M,23.86159411475163,med
380,1.739553572897508,67.60138384808799,0.7778075548161976,HS,light,NS,M,22.33983545108306,med
381,1.7162353846134615,65.70570417509754,0.7588154462089873,Uni,moderate,S,M,22.307421346337645,med
382,1.6463134474852115,65.06232897608632,0.7404259002509951,Uni,moderate,S,F,24.00515718253124,med
383,1.547158247152323,65.88084408410474,0.6768739183110039,HS,light,NS,M,27.5226141401203,low
384,1.5974019881402333,65.87235251375432,0.7104713099089969,HS,light,NS,M,25.815154734456918,med
385,1.5311587513010436,66.29443720317647,0.6752891281360119,Uni,moderate,S,M,28.277215804938933,med
386,1.637429760968264,65.07664594974834,0.7289015691890508,some HS,inactive,NS,F,24.271678009536615,low
387,1.6928470710868722,67.61552501173199,0.7394979646305179,Grad,heavy,S,F,23.59451049285527,med
388,1.5632988798398517,64.36008453348121,0.6980362710909872,Grad,heavy,S,F,26.334954506457326,med
389,1.7424552791372911,67.79221476182795,0.7777062388295397,HS,light,NS,F,22.328345383167,low
390,1.648440930627772,63.98408401112744,0.7409113344523947,some HS,inactive,NS,F,23.54643581842833,low
391,1.5593611583058424,65.55068983277206,0.6683843931166467,Grad plus,turbo,S,M,26.957762437458374,high
392,1.5325087318045159,64.97570841681141,0.6716219965187261,Grad,heavy,S,M,27.665919431237956,high
393,1.7268584984637458,68.09654397035078,0.7609270647247984,Uni,moderate,S,F,22.83555476113114,med
394,1.4826703775302723,65.62467437325091,0.6782333870417722,HS,light,NS,F,29.852309790244984,low
395,1.5506152503014985,65.4476562570075,0.7041685986713425,HS,light,NS,M,27.219866870495355,med
396,1.5933392217818114,66.14614640974007,0.7083786921537389,HS,light,NS,F,26.054818609769757,low
397,1.5654076809372994,65.56898246109043,0.7028822335445891,Grad plus,turbo,S,M,26.75737610714366,high
398,1.6453520095782312,66.93834370897575,0.7244915713084562,Grad plus,turbo,S,M,24.726196155877684,high
399,1.6162699162643526,65.95845766438137,0.721103334150692,HS,light,NS,F,25.2489145692182,low
400,1.4424270620107968,66.03168776377862,0.6307977729080617,Grad plus,turbo,S,F,31.736912492273202,high
401,1.6053908748416446,65.68416006282777,0.7051104732521112,HS,light,NS,M,25.48584694124345,med
402,1.4500395811127311,64.5319118259761,0.6450544089791089,Uni,moderate,NS,F,30.691267003018197,med
403,1.5646488645409395,66.04726103373521,0.6982636421315424,Grad plus,turbo,S,M,26.97870091811518,high
404,1.6497478376022154,66.46721184222646,0.7296199615526826,HS,light,NS,F,24.421499465972968,low
405,1.6507019402334056,67.61067747023134,0.7057677902819942,Grad,heavy,S,M,24.812925074756198,high
406,1.5011996704579453,65.7130566807793,0.6680762634502148,Uni,moderate,NS,F,29.159142501847764,med
407,1.3119065287562663,62.77908488624811,0.6083896641288309,Grad plus,turbo,S,M,36.47616689278192,high
408,1.541918496041286,65.60468014087934,0.6820099228379473,Uni,moderate,S,F,27.593830124977536,med
409,1.475385226312401,63.72282382540572,0.6584420222418703,some HS,inactive,NS,F,29.274140457142767,low
410,1.620591296976681,67.44016603979583,0.708684167151265,some HS,inactive,NS,F,25.67861679281662,low
411,1.4798065354363446,63.42529509728449,0.6776083796386785,some HS,inactive,NS,M,28.963604898430642,low
412,1.446232115478661,63.75862098736461,0.641692706034739,HS,light,NS,F,30.483365440551708,low
413,1.4370544434158414,63.030616901886376,0.6515587733007011,Grad,heavy,S,M,30.521446621791796,high
414,1.5501670593473638,65.72562470004792,0.7002274198629211,Grad,heavy,S,M,27.351283723254845,high
415,1.6505528333851496,66.1812344680948,0.7318979581182625,some HS,inactive,NS,F,24.292712077211657,low
416,1.5978527132990592,66.94286293583625,0.7246090533363427,Grad plus,turbo,S,F,26.21988562405332,high
417,1.5970047262115803,65.36058353263324,0.7171888570462733,Grad plus,turbo,S,F,25.627339251882358,high
418,1.7443792715349318,67.34943203850632,0.7758510349672632,some HS,inactive,NS,F,22.133602341623586,low
419,1.6336168991340543,65.4819475213357,0.7145768673964371,some HS,inactive,NS,M,24.536982472800204,low
420,1.6787738787127378,66.70040306392507,0.7377403702318377,HS,light,NS,M,23.667045851202115,med
421,1.8018999776626445,69.03226795182464,0.7809046343189683,Uni,moderate,S,F,21.261347313044592,med
422,1.6310885529632189,65.14537878096708,0.7207103489311355,HS,light,NS,F,24.486602650982356,low
423,1.5156346223689356,64.43677277567005,0.6782791901851057,Grad plus,turbo,S,F,28.050767352104085,high
424,1.6789228489250647,66.70496318607965,0.7433601092962859,Grad,heavy,S,F,23.66446386419918,med
425,1.6281536587895906,66.34322197349935,0.7101862705666878,Grad,heavy,S,F,25.026826352537697,med
426,1.6960059891078305,65.45971136542632,0.7190696506716775,Grad plus,turbo,S,M,22.757226023753137,high
427,1.639152887638862,67.18648479991329,0.7171998767546767,Grad,heavy,S,F,25.00592896456181,med
428,1.675588322077959,66.94588902853296,0.7391557261816661,Grad,heavy,S,M,23.844557287267794,high
429,1.6464122428185692,66.59325911210216,0.7298587453453623,Grad plus,turbo,S,M,24.567054896645782,high
430,1.6407795290005585,65.8836514770389,0.7129632495708106,HS,light,NS,M,24.472436099197186,med
431,1.5739793595276301,66.21385755687947,0.6838226341171063,Uni,moderate,S,M,26.727037584630537,med
432,1.4922087933894794,63.07663335878846,0.6775325261920231,some HS,inactive,NS,F,28.32756961604788,low
433,1.3720432483371767,63.360787579290545,0.620050393500212,some HS,inactive,NS,M,33.657741054172135,low
434,1.3809502281993,63.78324954069601,0.6243590247794203,Uni,moderate,NS,F,33.44649315798425,med
435,1.5873007412861246,66.39830593726053,0.7175286579573922,some HS,inactive,NS,M,26.35351571879828,low
436,1.6073403900321501,65.65834288359153,0.708485580989121,HS,light,NS,M,25.41406881723336,med
437,1.6509402576022982,66.97654158852112,0.7340268404333373,HS,light,NS,M,24.57310310695955,med
438,1.651191349593716,66.41440091103647,0.7310216387025681,some HS,inactive,NS,F,24.359448409457066,low
439,1.534154953495842,66.8123252937863,0.6915965976923716,HS,light,NS,F,28.38691083409578,low
440,1.552888438565035,66.31235980255911,0.6871995144062553,HS,light,NS,M,27.498814404232302,low
441,1.6840413904173117,65.84300690824281,0.7236902027754331,some HS,inactive,NS,F,23.21689478076983,low
442,1.3647839964128616,63.35007261374014,0.598727157072624,Uni,moderate,NS,F,34.01099006322745,med
443,1.4808927091603206,64.67751758432637,0.6835926908275318,HS,light,NS,M,29.492130894251833,low
444,1.621450420279423,66.44086997993497,0.7119697083420049,Grad plus,turbo,S,M,25.271322105178587,high
445,1.7960521189454504,67.7483360735235,0.7881848303308269,Grad,heavy,S,F,21.002005261870348,high
446,1.4823601729497462,65.35536114053114,0.6708738382549259,some HS,inactive,NS,M,29.742244710195774,low
447,1.5844784640408724,65.98509505680123,0.6968632434352083,HS,light,NS,M,26.282892893614495,med
448,1.5720163538449503,65.28486963137577,0.692645272207413,HS,light,NS,F,26.417907896883495,low
449,1.800452514786361,67.53295047093326,0.7889011110156441,some HS,inactive,NS,M,20.833027189725033,low
450,1.7041305035660508,68.55567513481546,0.7610150810086996,Uni,moderate,S,F,23.6068321186146,med
451,1.5381732230916116,65.15271423266523,0.6961584512956162,some HS,inactive,NS,F,27.537342066826486,low
452,1.6390087461901865,65.69485609540803,0.7387380751343351,Grad,heavy,S,M,24.455065111928544,high
453,1.5829772788746617,66.30639561652555,0.6972689127495854,some HS,inactive,NS,F,26.460988126863366,low
454,1.5976445691452914,66.30237644755115,0.7191801619219814,HS,light,NS,M,25.97578972560866,med
455,1.749951766937419,67.33511340842655,0.7632187499292056,Grad plus,turbo,S,F,21.988187856005148,high
456,1.6084210890220214,66.37394252926798,0.7015444547085858,Uni,moderate,NS,M,25.656540571668867,med
457,1.7352684406782493,67.25884416809667,0.7688571469063362,Grad,heavy,S,M,22.336548366313384,high
458,1.4394088601237922,64.23958540374159,0.6470604650370275,HS,light,NS,F,31.005189222512257,low
459,1.4879067218169628,64.03264272648993,0.6691468798206639,Grad,heavy,S,F,28.923444682776278,med
460,1.6419500050755478,66.30385080716052,0.7305057100171456,Uni,moderate,S,M,24.593418121085886,med
461,1.5625944118029442,65.45906962269451,0.6908971958594291,some HS,inactive,NS,F,26.808795054231542,low
462,1.5256247011077344,64.68292865342205,0.6851588454482851,Uni,moderate,S,M,27.790365067056744,med
463,1.6514737253843772,67.00450373423217,0.7395245439412548,HS,light,NS,M,24.567482641580256,med
464,1.5872403500827428,65.25584989814107,0.6967603948799278,Uni,moderate,S,M,25.902045359237693,med
465,1.6336654303741232,65.69303789700217,0.7304096129712488,Grad plus,turbo,S,M,24.614618410986033,high
466,1.5599773951185287,66.28246787173042,0.6882976379467513,Grad plus,turbo,S,M,27.23717489329232,high
467,1.8608476300068624,67.99745535317707,0.81590622724929,Grad plus,turbo,S,F,19.636814303175694,high
468,1.4359374877486344,64.41419335493477,0.6602110524799486,Grad,heavy,S,M,31.239962594053978,high
469,1.5662853312200256,66.22698005846155,0.6838117962743643,some HS,inactive,NS,M,26.99561280336285,low
470,1.602710289117204,65.24702450918873,0.7030517068310221,HS,light,NS,F,25.400991026336353,low
471,1.3834756637304353,62.96114382362414,0.6157158114073712,Grad plus,turbo,S,F,32.89497504654476,high
472,1.6498640651099017,66.19370163273149,0.748185779268908,Grad,heavy,S,F,24.317579316084853,high
473,1.627815776648127,66.73739997215763,0.7179017264479205,Uni,moderate,S,M,25.18597548586826,med
474,1.6263739695752744,66.08907115542986,0.7087091765931122,Grad plus,turbo,S,M,24.985544524275653,high
475,1.7572096307356788,68.45703749549769,0.7915996078153529,HS,light,NS,M,22.1702684218393,med
476,1.6369007427141244,66.64130288263247,0.7200674274235079,some HS,inactive,NS,M,24.87131727721171,low
477,1.42446547505773,63.25396119606489,0.6416231928616589,Uni,moderate,NS,M,31.173378487934887,med
478,1.5177818390424762,66.29830376852644,0.6755647840597802,Grad plus,turbo,S,F,28.77953106311047,high
479,1.6991144087331351,66.34322771673811,0.7404190965518384,HS,light,NS,F,22.980070215362225,low
480,1.7075597078288667,67.67202687729693,0.7360712026116865,some HS,inactive,NS,M,23.209051246094575,low
481,1.5246553135190406,65.22763893409217,0.6908159400669933,HS,light,NS,M,28.060041901623848,low
482,1.621052802187232,66.08511614969035,0.7139743381954047,some HS,inactive,NS,F,25.148340686054656,low
483,1.7026686663225818,66.82282495028171,0.747461958002113,Grad plus,turbo,S,F,23.049661069633256,high
484,1.5870634618004944,64.89001539566964,0.6982939866911848,some HS,inactive,NS,F,25.762576285984252,low
485,1.612648844601372,64.9795745547307,0.7287026620137652,some HS,inactive,NS,M,24.98602924785032,low
486,1.6551384425822842,65.90215388169888,0.7305450250050861,Grad,heavy,S,M,24.056417772283734,high
487,1.6242791554259248,65.96318569964777,0.7215791622276426,Grad plus,turbo,S,M,25.00231829996671,high
488,1.5915438801229884,66.2487694811368,0.7140175303974259,Uni,moderate,S,F,26.15414830716356,med
489,1.618972495299413,66.9055607569099,0.7235817806599092,HS,light,NS,F,25.526029912489836,low
490,1.6041938090010435,65.02531663196481,0.7163630621087029,Uni,moderate,S,M,25.267879883181063,med
491,1.6532754869559165,66.05266950665059,0.736413637609544,HS,light,NS,M,24.165730128709704,med
492,1.6760821536774002,65.94458475983154,0.736411980132364,Uni,moderate,NS,F,23.474077503844054,med
493,1.6998373546980716,67.8930981457008,0.7507719555069367,Grad plus,turbo,S,F,23.496917362999817,high
494,1.6213785938583367,65.12495837490602,0.7246225669899818,Grad,heavy,S,M,24.77299920839872,high
495,1.6601392507235255,66.08466332918788,0.7218531922497565,Uni,moderate,NS,M,23.97792770027759,med
496,1.672044086261452,68.27548052348558,0.7350672302955373,Grad,heavy,S,F,24.42133027468812,med
497,1.683482545060885,67.90592844978237,0.7352527571246846,some HS,inactive,NS,F,23.960200937744826,low
498,1.5870124855219594,64.27633208700192,0.7141077755404497,Grad plus,turbo,S,F,25.520571692534997,high
499,1.4421695733310587,64.58353176342266,0.6339276372939685,Grad,heavy,S,F,31.051968256342178,med
