ID,a1,a2,a3,b1,b2,b3,c1,o1,o2
0,1.5560016110554362,50.235804697008305,0.6876039529183514,2,2,1,1,3,1
1,1.613929470600963,52.03705588263582,0.7274904964425621,2,2,1,0,2,1
2,1.5754063170571326,50.83793205875003,0.707353358249949,3,3,1,1,3,2
3,1.6458005858659495,53.00931733368167,0.7213625998035443,3,3,1,1,1,2
4,1.631966829348199,52.60935402764261,0.6986183220578353,1,1,0,0,1,0
5,1.6240838508808113,52.34290446658727,0.7050073697082263,1,1,0,1,2,1
6,1.6880085885070097,54.32998035297509,0.7432988785782635,4,4,1,0,0,2
7,1.681719839696718,54.14266299549395,0.7410433934086113,0,0,0,1,1,0
8,1.4212472248772472,46.08029353379292,0.6540869167249168,0,0,0,0,4,0
9,1.6053667929441853,51.777133132606124,0.7138717452691349,2,2,1,1,2,1
10,1.6429509361188286,52.937639091697626,0.7217559843198299,3,3,1,0,1,1
11,1.545184683189919,49.90004743075192,0.7079836861592143,0,0,0,1,3,0
12,1.5954169189695313,51.456418625556864,0.6919303803601494,3,3,1,1,2,2
13,1.6167620320026372,52.137688540648675,0.7197534993161525,2,2,1,1,2,1
14,1.6044525533767608,51.757182667349916,0.6996072450640892,2,2,0,1,2,1
15,1.5008066839789553,48.52922890325136,0.6608857477793088,1,1,0,0,4,0
16,1.621025664625336,52.2519003791461,0.7151456661449811,4,4,1,0,2,2
17,1.535054290519557,49.59275596664803,0.695105183794173,3,3,1,0,3,1
18,1.6884420106977376,54.334033537291354,0.7563583257292822,3,3,1,1,0,2
19,1.6404040955466235,52.83843352373056,0.7269004826630323,4,4,1,0,1,2
20,1.5600541183333356,50.358537359494235,0.7040993775123199,1,1,0,0,3,0
21,1.5793364403322405,50.94459198945574,0.7042667145611446,4,4,1,0,2,2
22,1.6069276876696719,51.81601173353264,0.7127989614631647,1,1,0,0,2,0
23,1.6852633912094306,54.24627730146477,0.7404762297344076,1,1,0,0,1,0
24,1.602537652660554,51.67138212206571,0.722114183448784,4,4,1,0,2,2
25,1.565453685203393,50.509469312694286,0.6942275408932511,0,0,0,0,3,0
26,1.4852635074937293,48.02753388080593,0.6624204320193644,0,0,0,0,4,0
27,1.5959605379295159,51.494212466424685,0.7083593930446048,2,2,1,0,2,1
28,1.7339500943615371,55.75818529952343,0.7630342083006293,0,0,0,0,0,0
29,1.6303100047929695,52.540684019008616,0.7411899736013586,0,0,0,1,1,0
30,1.7461758901884106,56.133818573765524,0.7764586359093679,2,2,0,1,0,1
31,1.881789282387709,60.33808924042602,0.8197430953227157,3,3,1,0,0,2
32,1.568410318620761,50.63091353217379,0.6981373757147249,0,0,0,0,3,0
33,1.3937874890935986,45.198788538520134,0.6367553259293514,2,2,1,1,4,1
34,1.5948818353443561,51.43664042032548,0.718104209650976,2,2,1,1,2,1
35,1.7725927668308898,56.94984056520935,0.787867956976334,4,4,1,0,0,2
36,1.6460287828874252,53.03678346184523,0.7165379842450819,4,4,1,1,1,2
37,1.6450547175447845,52.98724910551261,0.7192785820318471,1,1,0,1,1,1
38,1.478481743808984,47.83765063577137,0.6508411876055514,2,2,1,0,4,1
39,1.6197224819110059,52.21809205780655,0.7215036582159586,0,0,0,0,2,0
40,1.5072692423423035,48.718494411169154,0.6628300796952697,2,2,0,0,4,1
41,1.628393558609316,52.49417541456265,0.6870919227974314,3,3,1,0,2,1
42,1.7279318148312721,55.57209090226623,0.7711333627291281,4,4,1,1,0,2
43,1.5545275701065253,50.162884599360474,0.6933602623485349,3,3,1,1,3,2
44,1.7680578922303114,56.79567613781026,0.7750416883263227,2,2,1,0,0,1
45,1.622434255532977,52.281240131493114,0.7204455329684053,2,2,1,1,2,1
46,1.676025731027814,53.94870424263549,0.7385714347879738,1,1,0,1,1,1
47,1.7095049338892059,54.99280692125195,0.7445867239011382,3,3,1,0,0,2
48,1.6116560621053722,51.938625666863004,0.7050092079084398,3,3,1,1,2,2
49,1.43851484872346,46.612743969792206,0.6489286007156004,1,1,0,1,4,0
50,1.8415534207952058,59.086674418041,0.8158243674207512,4,4,1,0,0,2
51,1.6084575232080032,51.87974623976968,0.7064393735016471,1,1,0,1,2,1
52,1.6212019696051077,52.26443341265682,0.7326078843588498,1,1,0,0,2,0
53,1.643842906165612,52.96121244218893,0.719990830411534,3,3,1,1,1,2
54,1.4692577223612309,47.545246239964726,0.6471468141205394,0,0,0,1,4,0
55,1.5854331895833211,51.12375698831938,0.7164115420003592,1,1,0,1,2,1
56,1.593439130711013,51.40319375828981,0.730276072981675,1,1,0,1,2,1
57,1.600537643501132,51.61311929479563,0.7169384267174389,2,2,1,1,2,1
58,1.6921929143146037,54.468850429021764,0.7497217794511537,2,2,1,0,0,1
59,1.6684184115931462,53.722354569283105,0.7162571504314879,4,4,1,0,1,2
60,1.6606844791268334,53.477825948053415,0.7351426670703802,2,2,1,1,1,1
61,1.4126944077409147,45.79152297180633,0.6298920780027207,0,0,0,1,4,0
62,1.6759986229767994,53.934153880341924,0.7634327097617111,1,1,0,0,1,0
63,1.930864836107575,61.84783803306204,0.8447957891628896,1,1,0,0,0,0
64,1.528048991928055,49.377682263910934,0.6945696645833341,2,2,1,1,3,1
65,1.6673797255802958,53.69343063517498,0.7478050041129553,2,2,1,0,1,1
66,1.6965887023664417,54.60841360954045,0.7458687554332861,3,3,1,0,0,2
67,1.5348885732016004,49.57972959339325,0.6836880960208287,4,4,1,0,3,2
68,1.7224196421481195,55.38172473388044,0.746452900084184,0,0,0,1,0,0
69,1.6098368807510932,51.91464505144284,0.7097147398354245,3,3,1,0,2,1
70,1.4428597330112292,46.72322338357811,0.6602635164554403,1,1,0,0,4,0
71,1.3707610133430832,44.47661425482167,0.6278703532106575,2,2,0,0,4,1
72,1.4411525225867372,46.68535359591012,0.6513349435168458,4,4,1,0,4,2
73,1.7680715230356023,56.79833304887263,0.7760684219808862,1,1,0,0,0,0
74,1.6437358637507307,52.95652280512184,0.7372444965893655,0,0,0,1,1,0
75,1.6349577558894166,52.69715982329524,0.7201097776779789,3,3,1,0,1,2
76,1.6280293149323226,52.47163559400811,0.7219547905342432,2,2,0,0,2,1
77,1.6453053689020842,53.01096727937923,0.7438837856595395,1,1,0,1,1,1
78,1.593419129539767,51.40314721567431,0.7147657621538283,1,1,0,1,2,1
79,1.501337098353495,48.56195805118597,0.6419164268405326,1,1,0,0,4,0
80,1.6835615409249556,54.199686607184724,0.7573903083832018,3,3,1,0,1,2
81,1.528380115130021,49.37767185722758,0.677253662198705,4,4,1,0,3,2
82,1.58800906661037,51.20939013891148,0.6966038516765287,2,2,1,1,2,1
83,1.6197737986412262,52.22486449984891,0.7259523917197845,1,1,0,0,2,0
84,1.6890021573690586,54.36365992061277,0.7416463839855477,4,4,1,1,0,2
85,1.5883639734652164,51.224367361567495,0.7002658231779793,4,4,1,1,2,2
86,1.6907640100909747,54.438372430147915,0.7364664426824501,4,4,1,1,0,2
87,1.4586238851283801,47.21911424044466,0.6723058041392427,1,1,0,0,4,0
88,1.6429936589219671,52.94018937601324,0.7297757175090303,1,1,0,1,1,1
89,1.5480295486314593,49.98939408419008,0.6968771551303874,3,3,1,1,3,2
90,1.7604689790053767,56.55964281745541,0.7632015960587114,2,2,1,1,0,1
91,1.4657773146870574,47.444459131036844,0.6442038560426735,1,1,0,1,4,0
92,1.7351795943104575,55.785594025051864,0.7503878520663523,1,1,0,1,0,1
93,1.6489882644969016,53.123570861217395,0.7168369803405943,4,4,1,0,1,2
94,1.6307142132587555,52.55386828647119,0.7083313538688696,1,1,0,0,1,0
95,1.7960050730985488,57.6701313173187,0.7811942180455596,0,0,0,1,0,0
96,1.5697919541745573,50.65696281734978,0.7088049952608841,0,0,0,0,3,0
97,1.6499337291009597,53.141011772850746,0.7080807593386106,3,3,1,1,1,2
98,1.5864443248037952,51.17615456485595,0.7083713141475102,0,0,0,1,2,0
99,1.654144870324189,53.26705365339181,0.7454528483761088,1,1,0,1,1,1
100,1.4997227175514027,48.488534162869094,0.6508240049335225,0,0,0,0,4,0
101,1.531522457248518,49.47256405331822,0.6836546909646601,4,4,1,0,3,2
102,1.805408300491614,57.96555618149528,0.7649624816377297,2,2,0,0,0,1
103,1.5808823422029326,51.001945648767574,0.7014665719878641,3,3,1,0,2,1
104,1.5235833713935292,49.23909565809253,0.6751046379447172,4,4,1,0,4,2
105,1.5067812511581244,48.70719952103572,0.6666229169475106,2,2,1,0,4,1
106,1.4741936407326133,47.71438318115631,0.6761601953696601,4,4,1,0,4,2
107,1.6555361559564665,53.320688075401335,0.7193839651556027,4,4,1,0,1,2
108,1.471503999233482,47.61161322849801,0.6365411656242612,1,1,0,1,4,0
109,1.7110313262114565,55.040745032014854,0.752156426260458,0,0,0,0,0,0
110,1.6478854716346927,53.09291752789448,0.7281933759032422,3,3,1,1,1,2
111,1.6530762680258047,53.24999448998231,0.7226347947712308,2,2,1,1,1,1
112,1.6048775510199307,51.74886006632895,0.7187957697436157,1,1,0,0,2,0
113,1.6991656359274092,54.67699074792165,0.7507808544616705,0,0,0,0,0,0
114,1.723636479890041,55.42715640766201,0.7717791945094813,0,0,0,1,0,0
115,1.656461340544897,53.339073312612214,0.720924792619899,2,2,0,1,1,1
116,1.5238862344110649,49.23907261481899,0.6828968907213053,0,0,0,0,3,0
117,1.675851108860655,53.93227252613774,0.7514459202176101,3,3,1,1,1,2
118,1.5427592518064568,49.832808491020536,0.6881518497818643,5,5,2,1,3,3
119,1.6815180510008378,54.11873685391085,0.7237933497175909,0,0,0,1,1,0
120,1.511809025639243,48.869069991336495,0.6864463718106557,4,4,1,1,4,2
121,1.55367630308061,50.15317257138249,0.6945678142117857,0,0,0,1,3,0
122,1.6476957665704421,53.07943842740409,0.721245666177517,0,0,0,1,1,0
123,1.6547862193657799,53.30620411318271,0.7347724853760257,2,2,0,0,1,1
124,1.6575758599269588,53.38848488495969,0.712609271912629,4,4,1,0,1,2
125,1.7977681323937331,57.748950128685294,0.7895958909191623,0,0,0,0,0,0
126,1.7071584765511199,54.91981764896938,0.7456214105400166,3,3,1,0,0,2
127,1.510338887423681,48.81121468128544,0.6651961132794579,0,0,0,1,4,0
128,1.65449912750205,53.31319046780079,0.7177948299690495,1,1,0,0,1,0
129,1.540472798777664,49.75446312525081,0.6904359684908298,2,2,0,0,3,1
130,1.2664609015811552,41.24725000971743,0.5830424262738287,2,2,1,0,5,1
131,1.566975020214383,50.5715254957132,0.7186946502962512,0,0,0,1,3,0
132,1.6636047334301707,53.56499267361148,0.7160927104021337,1,1,0,0,1,0
133,1.6839278384320127,54.19267304589,0.7493879358243275,3,3,1,1,1,2
134,1.64157995981308,52.8917065971775,0.7310588514721748,1,1,0,1,1,1
135,1.620245022992117,52.22315615072841,0.7142318751789616,1,1,0,0,2,0
136,1.520221795339448,49.1309693875786,0.6816026517496944,4,4,1,0,4,2
137,1.784182773575834,57.30603564976935,0.7826104643513238,3,3,1,1,0,2
138,1.7555951832279302,56.42767120884942,0.7798180874586357,2,2,0,1,0,1
139,1.5274048789025334,49.357700168542,0.677162233393488,3,3,1,1,3,2
140,1.73543777308489,55.8115677953367,0.7596311388563488,0,0,0,0,0,0
141,1.711993326685758,55.070842008341295,0.7418745906394852,3,3,1,1,0,2
142,1.6245581874911952,52.3645141547006,0.7336890669503113,0,0,0,1,2,0
143,1.613939363527638,52.04035196217026,0.7068529543922676,0,0,0,0,2,0
144,1.4820769291476759,47.94380234811431,0.6564398202475754,3,3,1,0,4,1
145,1.6432040974814681,52.938619503064345,0.7352999699786688,3,3,1,0,1,2
146,1.5170167022855636,49.018163798374964,0.6717880146172928,1,1,0,0,4,0
147,1.6241497715395756,52.35985201025523,0.7166764618951819,0,0,0,1,2,0
148,1.6774095894503736,53.98179015347114,0.7300599352587511,0,0,0,1,1,0
149,1.5814069024600586,51.02904671178535,0.6954456456331196,2,2,0,1,2,1
150,1.506020840000037,48.67193995376296,0.6809070810570178,4,4,1,0,4,2
151,1.4727528237706453,47.66002984107962,0.6498113604806337,4,4,1,0,4,2
152,1.5144084447323323,48.959527094782445,0.6836155534828652,4,4,1,1,4,2
153,1.4007309794672864,45.417613286439675,0.6272411064034167,3,3,1,1,4,2
154,1.645641321593021,53.03330949088178,0.7454834312364582,1,1,0,0,1,0
155,1.5402762852330047,49.75472210764999,0.6876382454767072,0,0,0,0,3,0
156,1.4443833439020308,46.78263560400449,0.6390832899093212,3,3,1,0,4,1
157,1.5207472694762245,49.1497371101037,0.6795393599593942,2,2,1,0,4,1
158,1.6798147718006333,54.07730511683227,0.754780482738815,0,0,0,0,1,0
159,1.4765327769171408,47.767862168236256,0.6690435515798824,4,4,1,1,4,2
160,1.3465458804923247,43.731386625591675,0.6238958646512037,1,1,0,0,4,0
161,1.7811976924778397,57.216449171417885,0.7877412408929756,4,4,1,1,0,2
162,1.7350340224621563,55.775789338852576,0.7561713793967936,0,0,0,0,0,0
163,1.59023537532852,51.286529043406254,0.7246857116871501,3,3,1,0,2,2
164,1.7606030785190065,56.579380696680076,0.7723560239003053,1,1,0,0,0,0
165,1.5817305135113273,51.03458965051253,0.6968198158018462,2,2,0,1,2,1
166,1.6040059420342643,51.717582374834805,0.7150236491135745,3,3,1,0,2,1
167,1.6500703950079851,53.16564226643102,0.7280509564565004,4,4,1,0,1,2
168,1.5916272387602939,51.332546933954674,0.6939964196019495,4,4,1,0,2,2
169,1.6472887795993372,53.06403638226835,0.7297454601996776,2,2,0,0,1,1
170,1.5532415162457316,50.168112803872155,0.6906302574366061,3,3,1,1,3,2
171,1.583975637618861,51.08869621629524,0.7032499534730706,3,3,1,0,2,1
172,1.5669808351957528,50.58241564835955,0.703881936207975,1,1,0,0,3,0
173,1.5536651851535068,50.153314000762265,0.6990856850081457,0,0,0,1,3,0
174,1.648537306951033,53.12091605269424,0.7164621772593405,0,0,0,0,1,0
175,1.503394885724165,48.61577106005975,0.6817496777308488,0,0,0,1,4,0
176,1.652123224387438,53.22815132702249,0.7300374179439562,1,1,0,0,1,0
177,1.5076433696408675,48.72402041107028,0.6747137336471558,1,1,0,1,4,0
178,1.6051393302703607,51.773681343345416,0.7102625126346608,3,3,1,0,2,1
179,1.7238237241826972,55.446993844552594,0.7583749039526259,1,1,0,1,0,1
180,1.542324530317317,49.81403366567301,0.6980616398084025,4,4,1,1,3,2
181,1.7473919074536661,56.18152369071506,0.7573766013318792,0,0,0,1,0,0
182,1.6820524419360943,54.13917709302606,0.743330262372021,4,4,1,0,1,2
183,1.7455662074292566,56.1291929870891,0.7540456076972192,1,1,0,1,0,1
184,1.559447349788569,50.32596074268792,0.6825850795723216,4,4,1,0,3,2
185,1.628352160815336,52.48299564525077,0.7196419141492258,1,1,0,1,2,1
186,1.529209067001464,49.40314859942717,0.6793944441248498,2,2,0,1,3,1
187,1.5416884175426153,49.79158651541509,0.6807596280131731,3,3,1,1,3,2
188,1.4956134163125352,48.36712366799626,0.6702468212109937,4,4,1,1,4,2
189,1.678105023739638,54.00253181158817,0.728948756491526,3,3,1,1,1,2
190,1.523544009740848,49.23105565650937,0.6754118686520741,0,0,0,0,4,0
191,1.7208739242519235,55.365368469128896,0.7695314990200263,0,0,0,0,0,0
192,1.60304894158593,51.6961452758642,0.715452889865554,2,2,1,1,2,1
193,1.6593281517107843,53.428435244812036,0.7306466613693584,2,2,1,0,1,1
194,1.7482128598816706,56.196296200062,0.7820938971463117,3,3,1,1,0,2
195,1.4954597082583978,48.35866415289594,0.6667844138247639,3,3,1,0,4,1
196,1.6719290470060455,53.83012243949855,0.7365033973628569,1,1,0,0,1,0
197,1.3645340646879913,44.30419574117329,0.6285585035322616,2,2,1,1,4,1
198,1.6011595150028646,51.64073861511642,0.6912279713009764,4,4,1,1,2,2
199,1.5037642227455146,48.62333861236469,0.6702713034451333,1,1,0,0,4,0
200,1.6245440963677986,52.35410785011462,0.7080424015050094,3,3,1,1,2,2
201,1.4328146796697079,46.42308069937805,0.6433420528754503,0,0,0,0,4,0
202,1.4626827211976579,47.35138993171886,0.6636095513151444,0,0,0,0,4,0
203,1.5802485292081652,51.00326482855505,0.6973292983631637,4,4,1,1,2,2
204,1.61119888950142,51.96100231997521,0.7311172891576379,3,3,1,0,2,2
205,1.5727633634134974,50.75511867230372,0.6922483316534077,0,0,0,1,3,0
206,1.7327511813279708,55.71733220284767,0.7575767627401084,2,2,0,1,0,1
207,1.682119109856072,54.14614101226164,0.7424999670114013,4,4,1,0,1,2
208,1.74876806666446,56.22636953141494,0.7498329829255115,0,0,0,1,0,0
209,1.657974884326023,53.39723607211208,0.730805439468108,2,2,1,0,1,1
210,1.6661524095405469,53.65220347817746,0.7348192156929702,4,4,1,1,1,2
211,1.4559945176291984,47.126039022639496,0.6419608090729428,4,4,1,1,4,2
212,1.5923822653788695,51.347554437432024,0.712953222609708,2,2,1,1,2,1
213,1.6953705942490096,54.54551893540814,0.7593853158518005,3,3,1,1,0,2
214,1.6395357878489187,52.83842886190301,0.7252033912781197,1,1,0,0,1,0
215,1.5787840851231048,50.948931729731946,0.7077648879443218,0,0,0,0,2,0
216,1.5597996373314844,50.351853922381544,0.6979144439789666,1,1,0,0,3,0
217,1.5240020730489015,49.24504396491301,0.6843016866168667,2,2,1,1,3,1
218,1.6055802873922678,51.7714203407701,0.7180886733183991,2,2,1,0,2,1
219,1.6411636376119523,52.87597001742195,0.7391772269959256,2,2,0,1,1,1
220,1.556027406102886,50.24401004637733,0.7102016477370472,2,2,0,1,3,1
221,1.6531537753388892,53.24801271481343,0.7259819639251064,3,3,1,0,1,2
222,1.6836593800616646,54.19001055554197,0.7492137030981815,0,0,0,0,1,0
223,1.453246295280862,47.044070492511956,0.6379946278826677,3,3,1,0,4,1
224,1.5362178976803966,49.62438779240341,0.6834260593709635,0,0,0,0,3,0
225,1.4599673134058484,47.261905246521785,0.6559566454046978,2,2,0,0,4,1
226,1.5565214869786668,50.26169764232756,0.6805011738956676,4,4,1,1,3,2
227,1.5441715256303885,49.868314984320115,0.6970463071897159,0,0,0,0,3,0
228,1.792598702968375,57.56146689667682,0.7888118956775365,4,4,1,1,0,2
229,1.7730724722083073,56.98747771569688,0.7823726236467508,4,4,1,1,0,2
230,1.5971047801578928,51.51646508252477,0.7178824436909454,4,4,1,1,2,2
231,1.8215414491005282,58.45445229393154,0.7770608447350604,4,4,1,0,0,2
232,1.552635501368009,50.12541003796187,0.6963534644822376,3,3,1,0,3,1
233,1.5088196716879894,48.78325910665872,0.6757385490964339,1,1,0,1,4,1
234,1.6167908033129121,52.11664825849727,0.7073547719767079,4,4,1,1,2,2
235,1.5362067449747125,49.61122259364797,0.6780273009472177,0,0,0,0,3,0
236,1.683592232236916,54.19602944245617,0.7417909688024207,4,4,1,0,1,2
237,1.5568945529270448,50.253009126281356,0.6920642229809774,1,1,0,0,3,0
238,1.7277173471105702,55.56448512848768,0.7596649175110081,1,1,0,0,0,0
239,1.5409783194967626,49.765593641851396,0.6837224557695639,2,2,0,1,3,1
240,1.5459711779950016,49.927972859943544,0.6882646754935012,0,0,0,0,3,0
241,1.6292050606973878,52.499300288689625,0.697705073592479,0,0,0,0,2,0
242,1.571189118513856,50.7226259106091,0.7062158805326881,0,0,0,1,3,0
243,1.7408530981838948,55.96605016872355,0.7573851057496066,0,0,0,1,0,0
244,1.6177027132485138,52.148304551917626,0.7145860364461136,3,3,1,0,2,1
245,1.6801688366219851,54.0809655571625,0.7477798469599003,2,2,1,0,1,1
246,1.5221636885146472,49.18107702597082,0.6585563918293215,2,2,0,0,4,1
247,1.62552456011246,52.39199185511324,0.7153867703112471,3,3,1,0,2,1
248,1.706937712071716,54.912244125440026,0.7582631529692447,4,4,1,0,0,2
249,1.6104357226867592,51.936764764122,0.7003058866354129,4,4,1,0,2,2
250,1.652371328543196,53.215441693366415,0.7189329625396017,4,4,1,1,1,2
251,1.6267541594309523,52.426699121458036,0.7297650783970241,0,0,0,1,2,0
252,1.7396279644778407,55.93296871794393,0.7637930491892484,2,2,0,1,0,1
253,1.7085735313475507,54.95898632269608,0.7586619745877647,3,3,1,1,0,2
254,1.553650595880566,50.16504392042618,0.7019188003384822,1,1,0,1,3,1
255,1.6192630683757951,52.197554458564724,0.7081361333384792,4,4,1,1,2,2
256,1.7804802686886818,57.211600826646524,0.7917966186459428,0,0,0,1,0,0
257,1.3386330521499126,43.50342443225185,0.6064598164125665,1,1,0,0,4,0
258,1.5424166634070962,49.81632454772531,0.6902223524672939,4,4,1,1,3,2
259,1.519178072360798,49.093544723685596,0.6866927001896663,3,3,1,0,4,1
260,1.5203231664371546,49.14079432705737,0.6754821641820941,1,1,0,1,4,0
261,1.5228550835925019,49.19936467923514,0.6874845522491706,4,4,1,1,4,2
262,1.4327768466952346,46.41330025235197,0.6433557099004921,0,0,0,0,4,0
263,1.5367111492362353,49.64008193747451,0.6831171422918787,3,3,1,1,3,2
264,1.467969431292001,47.50156493438772,0.6443484310004342,0,0,0,0,4,0
265,1.4083768427395622,45.66270495291479,0.6258353680715656,1,1,0,0,4,0
266,1.5613163017423084,50.39096210069808,0.7038525099437483,4,4,1,1,3,2
267,1.7715020090643185,56.9289500465093,0.7792152185471192,2,2,1,1,0,1
268,1.5833433940766946,51.07079543487762,0.7090405238883742,3,3,1,0,2,1
269,1.7438986168470505,56.0631311730468,0.7613838709467547,2,2,0,0,0,1
270,1.6154921053832292,52.0757068204558,0.7273796647199748,2,2,1,1,2,1
271,1.7616005582014875,56.611542847670755,0.7775103221336478,1,1,0,0,0,0
272,1.5695190037002473,50.66850649914753,0.6949722044946853,2,2,0,0,3,1
273,1.505508123903736,48.68189720178204,0.6610149837328781,3,3,1,0,4,1
274,1.6663936008782032,53.649621998828906,0.7451801561385103,3,3,1,0,1,2
275,1.4813950533791542,47.920863861106014,0.6567265447466878,4,4,1,1,4,2
276,1.6079111794584495,51.83225483102573,0.7137345610339413,4,4,1,1,2,2
277,1.7233520175640606,55.43136458091254,0.7668702145483818,1,1,0,1,0,1
278,1.6772157986457168,53.99332131082949,0.7351280681731766,2,2,0,0,1,1
279,1.7980557110751663,57.733560104291826,0.7998727780136224,2,2,1,1,0,1
280,1.6930996073009472,54.483105500541775,0.7501728246111115,4,4,1,1,0,2
281,1.4524595649915268,47.02336420823123,0.6418415754531719,1,1,0,0,4,0
282,1.3407983683506903,43.58716327460952,0.6074235265217902,3,3,1,0,4,1
283,1.550107600664445,50.05636473560397,0.7012129955364008,0,0,0,0,3,0
284,1.419105391385542,46.00552406363126,0.6485464274470432,4,4,1,1,4,2
285,1.5744946449306845,50.81314037432924,0.6956730279029946,4,4,1,0,3,2
286,1.4738271156254423,47.677279394384385,0.6673052252906831,1,1,0,0,4,0
287,1.4251128160928186,46.19075185883974,0.6405291889205554,2,2,0,1,4,1
288,1.47706583947724,47.80251254734224,0.6571655433575415,3,3,1,0,4,1
289,1.6550083017086574,53.2913442698395,0.7320702871436967,4,4,1,1,1,2
290,1.6153407258244923,52.0588228328825,0.727922536160564,3,3,1,0,2,2
291,1.6731425098925197,53.85388562598961,0.7541712934164957,0,0,0,0,1,0
292,1.5643106320758182,50.50881922462947,0.7021219256669815,2,2,1,1,3,1
293,1.8127912415320204,58.19791915825338,0.8158658343502605,2,2,1,1,0,1
294,1.5616873540023322,50.391366848926396,0.693252363072435,4,4,1,1,3,2
295,1.6301217673363484,52.52062531760667,0.7253824543930503,1,1,0,1,1,1
296,1.50487798976987,48.65156648742836,0.6731932255253442,2,2,1,1,4,1
297,1.6019974786304132,51.650043301355076,0.7158630512963567,2,2,0,0,2,1
298,1.581765358638102,51.02927204820139,0.7006159574926774,3,3,1,0,2,1
299,1.5739521455917465,50.80326968133088,0.6819571877841171,2,2,0,1,3,1
300,1.5082410208454586,48.7538940536139,0.6696082831947595,2,2,1,1,4,1
301,1.6084354838040615,51.862847995941046,0.7252601522244778,3,3,1,0,2,2
302,1.5079786487572195,48.751914940948,0.6681694208035391,1,1,0,1,4,0
303,1.5594418572808728,50.34019292872861,0.7045457519926343,3,3,1,1,3,2
304,1.6975770657688014,54.62342214939745,0.7552012363468157,1,1,0,1,0,1
305,1.690357637283672,54.40016884117626,0.7553971370209036,2,2,0,0,0,1
306,1.7146723729499536,55.15957622776463,0.7471182037397366,4,4,1,1,0,2
307,1.7292543479436624,55.5878752555028,0.7600637254450952,2,2,1,1,0,1
308,1.7267014067106792,55.531519724824356,0.7573472182470042,2,2,0,0,0,1
309,1.798895868641132,57.75686927940297,0.7887583444431687,4,4,1,1,0,2
310,1.7492235307257922,56.20975892544899,0.782324815686987,1,1,0,1,0,1
311,1.4524491517898368,47.03902490590801,0.6352110604618056,0,0,0,0,4,0
312,1.5359766771826688,49.60861210121214,0.6954312178999473,0,0,0,1,3,0
313,1.7041376045887726,54.82346785176129,0.7479277779056197,3,3,1,0,0,2
314,1.595415141745527,51.43634331961288,0.706066238631931,2,2,0,1,2,1
315,1.7068600955212367,54.908311858754466,0.7605909988228619,3,3,1,0,0,2
316,1.7689615894583908,56.824413690218684,0.7691237487965998,1,1,0,0,0,0
317,1.5718954442141087,50.71780118201593,0.6959481393782332,1,1,0,1,3,1
318,1.5489430557885104,50.000068033576255,0.679877631391327,3,3,1,0,3,1
319,1.3242794065154047,43.05312073055104,0.6018060250545837,1,1,0,1,4,0
320,1.6684084694809755,53.71474012573422,0.7321862727682156,3,3,1,0,1,2
321,1.3932927019952073,45.18912672242086,0.6367333672688397,0,0,0,1,4,0
322,1.5725232221454484,50.75923168792239,0.6887269829122716,0,0,0,1,3,0
323,1.6045534211114383,51.74653283872206,0.7130494519551233,0,0,0,0,2,0
324,1.4393878305909389,46.616880069143285,0.6516981838561582,3,3,1,1,4,2
325,1.5361636339437437,49.608707781089244,0.6928331327574484,1,1,0,1,3,1
326,1.80688307842731,58.011309747689374,0.789491494756561,2,2,1,1,0,1
327,1.7084893927388567,54.96223515893568,0.7596358533625315,3,3,1,0,0,2
328,1.6870502743246625,54.305048746330016,0.7349448135648311,0,0,0,0,1,0
329,1.6122224914654997,51.99567737657662,0.722013647460348,4,4,1,0,2,2
330,1.8047759177570764,57.936765433252354,0.8078203131188728,0,0,0,1,0,0
331,1.6584601140384547,53.41125631890442,0.7411622498229985,4,4,1,1,1,2
332,1.6799505529217666,54.0733444808989,0.7644159647306014,0,0,0,1,1,0
333,1.5232860398362797,49.22730708678776,0.6926738626498373,0,0,0,0,4,0
334,1.5684900972223141,50.62601461453083,0.6982336038244099,2,2,1,1,3,1
335,1.7071696653687973,54.9232963236589,0.770778871048888,1,1,0,1,0,1
336,1.6230318088135811,52.30737749669766,0.7187869906579941,0,0,0,0,2,0
337,1.5725437917392986,50.754804414503035,0.6919629273118802,4,4,1,1,3,2
338,1.4970789467233512,48.40289262234641,0.6696410708753366,0,0,0,0,4,0
339,1.3630973182960813,44.24983558698655,0.6142641454452911,1,1,0,1,4,0
340,1.587586664521583,51.246818839625554,0.6991116157764575,2,2,0,1,2,1
341,1.651013577436306,53.184816830233245,0.7308033287863639,1,1,0,0,1,0
342,1.695912380347228,54.58012929272102,0.7353881849752676,4,4,1,1,0,2
343,1.6689742777284355,53.743365173332215,0.7215255800790026,3,3,1,1,1,2
344,1.557919066790655,50.3020765174148,0.7061605560520869,0,0,0,1,3,0
345,1.5787660122406646,50.93405946414439,0.6914889543379206,4,4,1,1,2,2
346,1.5323698033938802,49.49059454179958,0.6711518208032222,0,0,0,1,3,0
347,1.5352093169918257,49.59578570606258,0.6888738828166644,3,3,1,1,3,2
348,1.3797946807955248,44.76295170503176,0.6375384292279725,2,2,0,1,4,1
349,1.6532264719468261,53.27202074378515,0.7434598691950437,2,2,1,0,1,1
350,1.5096681444350608,48.79765645387359,0.6751658907593521,2,2,1,0,4,1
351,1.5774724900468995,50.881787727825206,0.6918766428835409,3,3,1,0,2,1
352,1.6489780547783512,53.11263685242248,0.730689465235459,3,3,1,0,1,2
353,1.405257166506238,45.56655586724052,0.6383089531009437,4,4,1,1,4,2
354,1.5548601467797085,50.205834204217396,0.6901556902863144,0,0,0,0,3,0
355,1.631312003606482,52.56768546280093,0.6994448474328782,1,1,0,1,1,1
356,1.7638115939510421,56.67332511285901,0.7855568184451382,1,1,0,0,0,0
357,1.6966838699231155,54.57967954368607,0.743160611475486,3,3,1,1,0,2
358,1.6890718346547189,54.35626078633871,0.7527912823516196,3,3,1,1,0,2
359,1.5632951751198578,50.44898533277118,0.6827553966576044,4,4,1,0,3,2
360,1.5439867080941572,49.86808845918278,0.6891026782214039,4,4,1,1,3,2
361,1.4436300719168864,46.729559397462275,0.6457538369439333,3,3,1,1,4,2
362,1.743621448559358,56.04786568418246,0.7640878986897857,1,1,0,0,0,0
363,1.5989817759833056,51.545808724080864,0.7066518820460854,1,1,0,0,2,0
364,1.648812090511212,53.10892611138952,0.7336052741841594,4,4,1,1,1,2
365,1.6761107380138918,53.980305441726664,0.7616555506474789,3,3,1,0,1,2
366,1.6773141840131611,53.995220954474,0.7425016324781448,1,1,0,1,1,1
367,1.5110361807392387,48.85069348866784,0.6782257463549504,4,4,1,0,4,2
368,1.7234188789185156,55.4205524999712,0.7643655716664788,1,1,0,0,0,0
369,1.6413148580904058,52.8849264206018,0.7258375590399836,0,0,0,1,1,0
370,1.5399609435237795,49.7488370262234,0.6829513468654411,4,4,1,1,3,2
371,1.615959961817909,52.09262270076265,0.7151221909475923,4,4,1,0,2,2
372,1.6519040735094326,53.19469577220003,0.7378466418146843,3,3,1,1,1,2
373,1.5901096999104138,51.30099468211351,0.6967299415451321,2,2,1,1,2,1
374,1.6437749011978409,52.96171855148086,0.7478339543597161,0,0,0,0,1,0
375,1.6295946774587091,52.51812625948004,0.7099176665780618,2,2,1,0,1,1
376,1.6216055147795183,52.27028079134797,0.7271394112029709,2,2,0,1,2,1
377,1.5614695958313711,50.401025633727286,0.6847520764384757,3,3,1,0,3,1
378,1.5564609873171171,50.26537108490762,0.7005838989971128,1,1,0,0,3,0
379,1.5417341529887072,49.775396254136865,0.6960749876939603,0,0,0,1,3,0
380,1.6953666049881808,54.56607817304928,0.753795621772765,2,2,1,0,0,1
381,1.663392304109194,53.56956376402042,0.7332194100672249,2,2,1,0,1,1
382,1.5663391668445386,50.56085413603495,0.7145885683360964,3,3,1,1,3,2
383,1.5385918894605815,49.69811097140228,0.6675783133781713,0,0,0,0,3,0
384,1.5094089013531984,48.79187500333638,0.6688314768775473,4,4,1,0,4,2
385,1.629027437286673,52.50981951384951,0.7198169955180909,1,1,0,0,2,0
386,1.594107839745811,51.4189862664158,0.7124145947789109,1,1,0,0,2,0
387,1.8067832718151926,58.015711860263025,0.7912979814766065,3,3,1,0,0,2
388,1.6336893191646276,52.63438206132353,0.7184592940475739,1,1,0,0,1,0
389,1.4151657663268382,45.87425368328524,0.6409439873538628,3,3,1,1,4,2
390,1.6794230743076364,54.05055803375509,0.7378353882891286,2,2,0,0,1,1
391,1.5662196889159663,50.554103555776535,0.6961968002001905,1,1,0,1,3,1
392,1.6618626143494952,53.505411231637446,0.7329134702758228,4,4,1,1,1,2
393,1.547585374917941,49.946387859065666,0.6854783405340248,2,2,0,1,3,1
394,1.5869302915931789,51.19861335709973,0.6941415036473471,4,4,1,0,2,2
395,1.5800753986324685,50.996994182928404,0.6974060707377684,3,3,1,0,2,1
396,1.5427879968811045,49.83012419508553,0.6664161966142114,4,4,1,1,3,2
397,1.768390102089516,56.83427224788629,0.7704784833449725,2,2,0,0,0,1
398,1.6607378705144664,53.47209335089295,0.7422848253450356,2,2,1,0,1,1
399,1.6259157598241945,52.40184179005102,0.7231234212523625,4,4,1,1,2,2
400,1.5320903588730495,49.49133233929247,0.6782935823645753,3,3,1,0,3,1
401,1.4967203910437097,48.3958930080071,0.65864904311574,3,3,1,1,4,2
402,1.4200765293508957,46.01388181062743,0.637226751381784,3,3,1,0,4,1
403,1.5099886308093584,48.79623487381828,0.6869810241003866,0,0,0,0,4,0
404,1.4819995930767478,47.95427447836429,0.6698421007986323,0,0,0,0,4,0
405,1.6873288281246481,54.28996728512432,0.7356595686045814,2,2,0,0,1,1
406,1.7050876571410563,54.86282945305608,0.74876359882542,0,0,0,0,0,0
407,1.5050531788757773,48.66422750905128,0.659677710300314,1,1,0,1,4,0
408,1.6077498459693735,51.82441565247548,0.7284552153733542,4,4,1,0,2,2
409,1.6337547636460579,52.643297837001285,0.719570727246949,0,0,0,1,1,0
410,1.580554963920811,51.0143632240611,0.7137187339865021,4,4,1,1,2,2
411,1.6108897256353958,51.92893629335823,0.7175916978353285,1,1,0,0,2,0
412,1.6819550531601835,54.12787083785886,0.7222891737371029,3,3,1,1,1,2
413,1.5234329645481293,49.2225106937465,0.6642865157795774,4,4,1,0,3,2
414,1.548107748166048,49.97916077041479,0.6961960854775239,2,2,0,0,3,1
415,1.5299937620159572,49.40213640594703,0.6942526586801522,3,3,1,1,3,2
416,1.6788664810506497,54.02741657091374,0.7286992325715028,0,0,0,1,1,0
417,1.738135172771254,55.899351642030254,0.7642666319000855,3,3,1,1,0,2
418,1.5565528512185383,50.23977468104917,0.6812717612451552,4,4,1,0,3,2
419,1.6835617699520107,54.19123969559413,0.7411181746109585,3,3,1,0,1,2
420,1.5689742466761476,50.63586388506212,0.700580706568541,4,4,1,1,3,2
421,1.5741201316531694,50.79873007190641,0.7053761544473808,3,3,1,1,3,2
422,1.5684948677480124,50.61341708079016,0.6955565832243054,0,0,0,0,3,0
423,1.543836957922043,49.85382504639902,0.7028099541865901,3,3,1,1,3,2
424,1.4977486682740708,48.44276819934764,0.6565416866277682,0,0,0,0,4,0
425,1.6112375549869558,51.95005215622987,0.7041705656982321,2,2,0,0,2,1
426,1.5710152618150148,50.70920245204308,0.6880143671578725,2,2,1,0,3,1
427,1.7918237711791438,57.53613992278887,0.7704174406617563,0,0,0,0,0,0
428,1.7072762128425074,54.91126709093712,0.7639013421906088,2,2,0,1,0,1
429,1.4898670733218713,48.186093974339045,0.6549745395181018,2,2,0,1,4,1
430,1.6761084803318196,53.96234102674164,0.7348559734938631,4,4,1,0,1,2
431,1.6979884487167551,54.65608862884385,0.7505335770992823,2,2,0,1,0,1
432,1.5460719753589307,49.922512774459705,0.6863230228774443,0,0,0,1,3,0
433,1.6912467151285209,54.42791561297634,0.7449002461595009,0,0,0,1,0,0
434,1.5544781040123852,50.20074216345342,0.7111247530304797,0,0,0,0,3,0
435,1.5251392602878855,49.276575037798025,0.6908776927497364,3,3,1,1,3,2
436,1.5331732200992005,49.530365203902,0.6699193595355893,4,4,1,1,3,2
437,1.5822909320919536,51.05828970935373,0.6926265172791052,4,4,1,0,2,2
438,1.5694956688094839,50.66775203420917,0.6980029115744005,1,1,0,0,3,0
439,1.5324234528884337,49.49859215031427,0.7035572746454177,3,3,1,1,3,2
440,1.498101747762625,48.43475772671122,0.6592963557688937,0,0,0,0,4,0
441,1.5582980492500904,50.30771610574217,0.6974203829007198,0,0,0,0,3,0
442,1.565065045682652,50.53593161273739,0.6998134151231291,4,4,1,1,3,2
443,1.546710527624157,49.94599544705853,0.6931251275620913,0,0,0,0,3,0
444,1.6114991767636428,51.96911680016603,0.7265746875294411,0,0,0,1,2,0
445,1.5561578780638197,50.24962414444857,0.695133360502473,1,1,0,1,3,1
446,1.579370352945318,50.964948137425424,0.7020342029790895,2,2,0,1,2,1
447,1.751608914075217,56.28966910309335,0.7630159377878194,1,1,0,0,0,0
448,1.751628644133154,56.30219271082416,0.7735297473316084,4,4,1,1,0,2
449,1.6677984818980378,53.70709755098322,0.7301281337161059,4,4,1,0,1,2
450,1.698330305042723,54.648460286689605,0.7462757160420915,4,4,1,0,0,2
451,1.6598889850847425,53.451710561180114,0.7283989653651718,4,4,1,1,1,2
452,1.4988455692562246,48.47510833512754,0.674055327822117,1,1,0,1,4,0
453,1.7225538012602823,55.41832284693967,0.7430246646237502,3,3,1,0,0,2
454,1.465606604403753,47.43453624858319,0.6553473342212199,1,1,0,1,4,0
455,1.7284789315632976,55.582759085819525,0.7638321732881861,4,4,1,1,0,2
456,1.5333191676885545,49.51174989753227,0.666794224025047,3,3,1,0,3,1
457,1.6343001374835056,52.6634241742207,0.7372944304016559,2,2,0,0,1,1
458,1.655348607921294,53.31521083746222,0.7320220643721285,1,1,0,0,1,0
459,1.4565738644424595,47.15621225339095,0.64884725734793,3,3,1,1,4,2
460,1.4814790657698647,47.93242452399391,0.6494875957510695,2,2,0,1,4,1
461,1.8037526423656518,57.925807735147515,0.8004791822377346,1,1,0,0,0,0
462,1.6238876188556162,52.35584452047614,0.714687358281591,0,0,0,0,2,0
463,1.6266419784472765,52.41866684651787,0.7266379247226348,0,0,0,0,2,0
464,1.3758766877250703,44.66145233418611,0.6122696088095156,3,3,1,0,4,1
465,1.5681117681633745,50.60569279006922,0.6937134229812041,2,2,0,1,3,1
466,1.62058062755384,52.24380750445236,0.7114591952301806,2,2,0,0,2,1
467,1.7040483660918726,54.82463159707566,0.7677898060275145,2,2,1,0,0,1
468,1.5966217625429866,51.49366875214696,0.7058824168066001,4,4,1,0,2,2
469,1.4992178676305794,48.47958874808377,0.6709865673086339,3,3,1,0,4,1
470,1.4753863490048558,47.73920646886004,0.6832879999076032,1,1,0,1,4,1
471,1.73677875530176,55.84002200654118,0.7554643804967629,2,2,1,0,0,1
472,1.6330863586523594,52.63451526451741,0.7106447026109171,1,1,0,1,1,1
473,1.5740509643531702,50.78984597403149,0.6917021618374378,0,0,0,1,3,0
474,1.7216045106552684,55.3656888659542,0.7557420841106733,2,2,0,0,0,1
475,1.4297580493782112,46.33926268630169,0.6537228961295005,4,4,1,1,4,2
476,1.509151998688318,48.78524877613764,0.6666267966462124,0,0,0,1,4,0
477,1.3843528885343397,44.903657410286925,0.6254907394368743,4,4,1,0,4,2
478,1.6571523263040109,53.36146107532363,0.7477753439349449,1,1,0,1,1,1
479,1.6284616815674238,52.486440971518896,0.7195684395775521,4,4,1,0,2,2
480,1.6093388793165768,51.88565807045468,0.710238192806058,1,1,0,1,2,1
481,1.7793237906494466,57.17792184423697,0.7821162813750058,4,4,1,0,0,2
482,1.701678647109455,54.7627695325495,0.7579017794110844,3,3,1,1,0,2
483,1.549174635122321,50.017677864849816,0.6931230606272869,1,1,0,0,3,0
484,1.6244093686077785,52.35425906330482,0.7173201137913152,2,2,0,0,2,1
485,1.606490269360599,51.788692920704186,0.7205434925696815,1,1,0,1,2,1
486,1.57150042521649,50.72773027377498,0.6978371011968887,0,0,0,1,3,0
487,1.5053151974490355,48.661024669666375,0.6876112223322564,2,2,0,0,4,1
488,1.5421073214436636,49.792741704517844,0.6759537099083117,1,1,0,1,3,1
489,1.6238990018872277,52.34290814999725,0.7184327866960878,3,3,1,0,2,1
490,1.575937682960494,50.85452196808122,0.705608894102816,1,1,0,0,2,0
491,1.6193105620761503,52.189916977827096,0.6970506639788552,0,0,0,1,2,0
492,1.6999743340426352,54.70831102747844,0.7722452463145266,1,1,0,1,0,1
493,1.7020929985331252,54.76606483877481,0.7630233468526579,2,2,1,1,0,1
494,1.6788756409391177,54.041784062602545,0.7576505766678431,3,3,1,0,1,2
495,1.63917039643421,52.81032026535052,0.7389671991434413,1,1,0,0,1,0
496,1.5965602696311756,51.50303373501021,0.7133591130902133,3,3,1,0,2,1
497,1.5092116344620208,48.79903863730546,0.6625308385064312,0,0,0,0,4,0
498,1.770975686310276,56.89508232819906,0.7901604486636253,3,3,1,1,0,2
499,1.686340107791684,54.28584130179695,0.7398303135164865,1,1,0,0,1,0
